,frame,x_x,y_x,object_RSPO,object_TopFLASH,x_y,y_y,background_RSPO,background_TopFLASH,RSPO_corrected,TopFLASH_corrected,channel_1_name,channel_2_name,filename,position,condition,time
0,1,1148,957,305.6037969357194,3124.7040667310216,1866,1829,146.61258384693448,132.89403727630506,158.99121308878492,2991.8100294547166,RSPO,TopFLASH,Position 10_RSPO_TOPFLASH_max_background_corrected.csv,10,IWR,0.25
1,2,1148,961,300.90534887750306,2891.848048315636,1960,1816,147.92804633548675,133.86324595925842,152.9773025420163,2757.9848023563773,RSPO,TopFLASH,Position 10_RSPO_TOPFLASH_max_background_corrected.csv,10,IWR,0.5
2,3,1161,940,300.4848642360338,2978.195688225539,1918,1795,147.1525704809287,133.6094651122497,153.3322937551051,2844.586223113289,RSPO,TopFLASH,Position 10_RSPO_TOPFLASH_max_background_corrected.csv,10,IWR,0.75
3,4,1174,867,301.948664637014,3194.327318630727,1909,1795,146.9440607905745,133.5529813618475,155.0046038464395,3060.77433726888,RSPO,TopFLASH,Position 10_RSPO_TOPFLASH_max_background_corrected.csv,10,IWR,1.0
4,5,1178,833,297.0442563302889,3225.7472587312195,1905,1803,147.00314348654737,133.67396846612706,150.0411128437415,3092.0732902650925,RSPO,TopFLASH,Position 10_RSPO_TOPFLASH_max_background_corrected.csv,10,IWR,1.25
5,6,1208,966,286.3322442513799,2519.9100022276675,1905,1803,147.09648276032772,133.70203707829015,139.2357614910522,2386.2079651493773,RSPO,TopFLASH,Position 10_RSPO_TOPFLASH_max_background_corrected.csv,10,IWR,1.5
6,7,1178,919,290.61627187445856,2738.852082869236,1901,1803,146.82403900893542,133.62877156506028,143.79223286552315,2605.223311304176,RSPO,TopFLASH,Position 10_RSPO_TOPFLASH_max_background_corrected.csv,10,IWR,1.75
7,8,1204,936,285.4901611346254,2572.277814905572,1901,1803,146.96881265315216,133.8637162446474,138.52134848147324,2438.414098660924,RSPO,TopFLASH,Position 10_RSPO_TOPFLASH_max_background_corrected.csv,10,IWR,2.0
8,9,1200,936,283.9481200960372,2526.802603895944,1901,1803,147.07326551322987,133.79814856067918,136.87485458280733,2393.004455335264,RSPO,TopFLASH,Position 10_RSPO_TOPFLASH_max_background_corrected.csv,10,IWR,2.25
9,10,1200,936,282.0174005593921,2427.2847949308184,1901,1803,147.02487562189054,134.0881908863642,134.99252493750157,2293.196604044454,RSPO,TopFLASH,Position 10_RSPO_TOPFLASH_max_background_corrected.csv,10,IWR,2.5
10,11,1200,936,279.4042969233435,2387.059775748125,1901,1803,147.17086210737358,134.34756565431547,132.23343481596993,2252.712210093809,RSPO,TopFLASH,Position 10_RSPO_TOPFLASH_max_background_corrected.csv,10,IWR,2.75
11,12,1200,906,278.89866587460705,2444.803024677607,1901,1803,147.21219771787827,134.61884606816662,131.68646815672878,2310.184178609441,RSPO,TopFLASH,Position 10_RSPO_TOPFLASH_max_background_corrected.csv,10,IWR,3.0
12,13,1200,842,278.89356699091604,2644.979307442885,1901,1803,147.431870498255,135.28311180416327,131.46169649266105,2509.6961956387217,RSPO,TopFLASH,Position 10_RSPO_TOPFLASH_max_background_corrected.csv,10,IWR,3.25
13,14,1200,807,275.3485804806812,2726.5491200712854,1901,1803,147.49946783495457,135.72354644687013,127.8491126457266,2590.8255736244155,RSPO,TopFLASH,Position 10_RSPO_TOPFLASH_max_background_corrected.csv,10,IWR,3.5
14,15,1187,786,272.0068810177966,2664.010123511794,1901,1803,147.74745674612015,136.2568253261058,124.25942427167648,2527.7532981856884,RSPO,TopFLASH,Position 10_RSPO_TOPFLASH_max_background_corrected.csv,10,IWR,3.75
15,16,1114,743,267.8946313210069,2654.3579861884605,1901,1803,147.97257493626395,138.58738645083042,119.92205638474294,2515.77059973763,RSPO,TopFLASH,Position 10_RSPO_TOPFLASH_max_background_corrected.csv,10,IWR,4.0
16,17,1153,773,265.2443998910918,2504.299918318853,1901,1803,148.43355362491027,146.67941387589417,116.81084626618151,2357.6205044429594,RSPO,TopFLASH,Position 10_RSPO_TOPFLASH_max_background_corrected.csv,10,IWR,4.25
17,18,1161,739,262.22595975347144,2503.57825301354,1901,1803,149.43778619341106,157.50835375361996,112.7881735600604,2346.06989925992,RSPO,TopFLASH,Position 10_RSPO_TOPFLASH_max_background_corrected.csv,10,IWR,4.5
18,19,1165,765,259.649068092374,2350.261107398332,1901,1803,150.2790772505631,164.4975619415361,109.36999084181087,2185.763545456796,RSPO,TopFLASH,Position 10_RSPO_TOPFLASH_max_background_corrected.csv,10,IWR,4.75
19,20,1170,743,256.8710427959704,2376.449444320685,1901,1803,150.9953466498354,178.34239251503675,105.87569614613504,2198.107051805648,RSPO,TopFLASH,Position 10_RSPO_TOPFLASH_max_background_corrected.csv,10,IWR,5.0
20,21,1153,709,257.3598178262914,2372.450607658226,1901,1803,152.47204277121853,191.6154798148561,104.8877750550729,2180.83512784337,RSPO,TopFLASH,Position 10_RSPO_TOPFLASH_max_background_corrected.csv,10,IWR,5.25
21,22,1212,748,251.592510086384,2262.6590430929928,1901,1803,153.68389396302072,207.73980842058364,97.90861612336327,2054.919234672409,RSPO,TopFLASH,Position 10_RSPO_TOPFLASH_max_background_corrected.csv,10,IWR,5.5
22,23,1157,705,253.41560852454148,2211.315437736689,1896,1799,156.0412366030544,234.98542115294177,97.3743719214871,1976.330016583748,RSPO,TopFLASH,Position 10_RSPO_TOPFLASH_max_background_corrected.csv,10,IWR,5.75
23,24,1187,662,250.26175094675875,2249.3306353803123,1896,1799,156.9850251231405,255.98207965149376,93.27672582361824,1993.3485557288184,RSPO,TopFLASH,Position 10_RSPO_TOPFLASH_max_background_corrected.csv,10,IWR,6.0
24,25,1187,662,248.0611371005668,2244.0899977723325,1896,1799,157.77312442761317,265.5364718695082,90.28801267295364,1978.5535259028245,RSPO,TopFLASH,Position 10_RSPO_TOPFLASH_max_background_corrected.csv,10,IWR,6.25
25,26,1182,688,243.46793396203063,2096.853419469815,1896,1799,158.33231850696765,276.0449988861662,85.135615455063,1820.8084205836487,RSPO,TopFLASH,Position 10_RSPO_TOPFLASH_max_background_corrected.csv,10,IWR,6.5
26,27,1182,692,240.49464122175195,2044.5119922774188,2020,2060,149.8174055097646,140.15833766490928,90.67723571198736,1904.3536546125092,RSPO,TopFLASH,Position 10_RSPO_TOPFLASH_max_background_corrected.csv,10,IWR,6.75
27,28,1178,692,237.79210910621023,1942.4605826588447,2020,2056,149.9173782827158,140.70909135912478,87.87473082349445,1801.7514912997203,RSPO,TopFLASH,Position 10_RSPO_TOPFLASH_max_background_corrected.csv,10,IWR,7.0
28,29,1063,568,248.8817851043291,2031.3169228484444,2025,2056,149.84376624340982,141.47026063711294,99.0380188609193,1889.8466622113317,RSPO,TopFLASH,Position 10_RSPO_TOPFLASH_max_background_corrected.csv,10,IWR,7.25
29,30,1123,564,243.7597831736838,1986.6059750996264,1926,401,138.5661493527388,125.57958961411846,105.19363382094502,1861.026385485508,RSPO,TopFLASH,Position 10_RSPO_TOPFLASH_max_background_corrected.csv,10,IWR,7.5
30,31,1123,594,237.3971931387837,1845.9917081260364,1939,436,139.06428058711418,126.14863493477884,98.33291255166952,1719.8430731912576,RSPO,TopFLASH,Position 10_RSPO_TOPFLASH_max_background_corrected.csv,10,IWR,7.75
31,32,1110,487,240.68995816935225,1951.4899136159995,1948,474,139.56600084156332,126.90299745055816,101.12395732778891,1824.5869161654412,RSPO,TopFLASH,Position 10_RSPO_TOPFLASH_max_background_corrected.csv,10,IWR,8.0
32,33,1101,534,237.59998514888247,1789.3964010791813,1948,483,139.56045642434594,126.92656122373208,98.03952872453652,1662.4698398554492,RSPO,TopFLASH,Position 10_RSPO_TOPFLASH_max_background_corrected.csv,10,IWR,8.25
33,34,1097,534,233.7256998589144,1665.7487190911115,1978,547,140.07291898715377,127.66114700131185,93.65278087176064,1538.0875720897998,RSPO,TopFLASH,Position 10_RSPO_TOPFLASH_max_background_corrected.csv,10,IWR,8.5
34,35,1140,534,224.64146927056265,1638.081285116705,1978,547,139.72961065320166,127.59463874656568,84.91185861736096,1510.4866463701394,RSPO,TopFLASH,Position 10_RSPO_TOPFLASH_max_background_corrected.csv,10,IWR,8.75
35,36,1084,465,234.1899210415584,1669.3447439419815,1973,547,140.1912081384124,127.70735872874434,93.99871290314596,1541.6373852132374,RSPO,TopFLASH,Position 10_RSPO_TOPFLASH_max_background_corrected.csv,10,IWR,9.0
36,37,1084,512,225.2956857503527,1504.7343630108169,1973,547,140.0794287270117,127.74844682062326,85.216257023341,1376.9859161901934,RSPO,TopFLASH,Position 10_RSPO_TOPFLASH_max_background_corrected.csv,10,IWR,9.25
37,38,1097,512,219.95797133734317,1418.935942179649,1973,547,139.6971114576372,127.48862651914555,80.26085987970595,1291.4473156605034,RSPO,TopFLASH,Position 10_RSPO_TOPFLASH_max_background_corrected.csv,10,IWR,9.5
38,39,1140,457,218.20415336254047,1569.0387861686593,1978,547,139.91616544144946,127.4930323506844,78.28798792109106,1441.5457538179749,RSPO,TopFLASH,Position 10_RSPO_TOPFLASH_max_background_corrected.csv,10,IWR,9.75
39,40,1114,465,216.4782307368629,1422.925274126878,1978,538,139.9437142644984,127.3762283111804,76.53451647236454,1295.5490458156976,RSPO,TopFLASH,Position 10_RSPO_TOPFLASH_max_background_corrected.csv,10,IWR,10.0
40,41,1131,470,209.38546075592188,1373.912031880399,1978,538,139.88648795821885,127.39555951585356,69.49897279770303,1246.5164723645453,RSPO,TopFLASH,Position 10_RSPO_TOPFLASH_max_background_corrected.csv,10,IWR,10.25
41,42,1114,444,210.6303061805401,1324.820548996312,1978,538,139.8421326204797,127.30249251256156,70.78817356006039,1197.5180564837506,RSPO,TopFLASH,Position 10_RSPO_TOPFLASH_max_background_corrected.csv,10,IWR,10.5
42,43,1114,427,209.62538055988716,1361.0319051508627,1978,538,139.95153585307295,127.72206133511548,69.67384470681418,1233.3098438157472,RSPO,TopFLASH,Position 10_RSPO_TOPFLASH_max_background_corrected.csv,10,IWR,10.75
43,44,1153,367,209.3327145367689,1478.576866909235,1978,538,139.41266305289474,127.2382119254474,69.92005148387415,1351.3386549837876,RSPO,TopFLASH,Position 10_RSPO_TOPFLASH_max_background_corrected.csv,10,IWR,11.0
44,45,1110,359,209.7925793915992,1342.6806267171603,1973,534,139.04027128041386,127.03029627979504,70.75230811118536,1215.6503304373657,RSPO,TopFLASH,Position 10_RSPO_TOPFLASH_max_background_corrected.csv,10,IWR,11.25
45,46,1106,397,203.49021063835053,1166.4185044924632,1969,525,138.41023737036213,126.98787158733694,65.07997326798841,1039.4306329051262,RSPO,TopFLASH,Position 10_RSPO_TOPFLASH_max_background_corrected.csv,10,IWR,11.5
46,47,1110,359,202.63312789287397,1122.4016484740478,1973,525,138.58562906858742,127.63629613128388,64.04749882428652,994.765352342764,RSPO,TopFLASH,Position 10_RSPO_TOPFLASH_max_background_corrected.csv,10,IWR,11.75
47,48,1101,346,200.91817034231823,1036.6065691443282,1978,525,138.62426672607114,126.97901042053417,62.29390361624712,909.627558723794,RSPO,TopFLASH,Position 10_RSPO_TOPFLASH_max_background_corrected.csv,10,IWR,12.0
48,49,1106,337,198.13346204301877,1026.5161258384694,1982,517,138.61592534838246,127.0458652013564,59.51753669463628,899.470260637113,RSPO,TopFLASH,Position 10_RSPO_TOPFLASH_max_background_corrected.csv,10,IWR,12.25
49,50,1106,354,195.4428355733769,983.2896957996088,1986,508,138.0797752530878,126.80243063290511,57.36306032028909,856.4872651667038,RSPO,TopFLASH,Position 10_RSPO_TOPFLASH_max_background_corrected.csv,10,IWR,12.5
50,51,1106,350,193.0907403282097,949.2964778099551,1986,508,137.78188658696567,126.69060171777926,55.30885374124404,822.6058760921759,RSPO,TopFLASH,Position 10_RSPO_TOPFLASH_max_background_corrected.csv,10,IWR,12.75
51,52,1106,346,191.19561396995124,911.7548823048936,1990,508,137.82005395906043,126.44753842726664,53.37556001089081,785.3073438776269,RSPO,TopFLASH,Position 10_RSPO_TOPFLASH_max_background_corrected.csv,10,IWR,13.0
52,53,1106,354,189.750278458454,899.6640182173709,1990,508,137.25719660404445,126.3765748372565,52.49308185440955,773.2874433801144,RSPO,TopFLASH,Position 10_RSPO_TOPFLASH_max_background_corrected.csv,10,IWR,13.25
53,54,1106,354,187.82663795450608,905.6313952624936,1990,517,137.5886240439593,126.59998514888244,50.23801391054678,779.0314101136111,RSPO,TopFLASH,Position 10_RSPO_TOPFLASH_max_background_corrected.csv,10,IWR,13.5
54,55,1110,341,187.39281205910743,881.8520086136482,1982,521,137.73074923888024,126.56008514640726,49.66206282022722,755.291923467241,RSPO,TopFLASH,Position 10_RSPO_TOPFLASH_max_background_corrected.csv,10,IWR,13.75
55,56,1110,307,186.45382540036135,843.7533971931388,1986,508,137.48600282171233,126.52053167000815,48.96782257864905,717.2328655231306,RSPO,TopFLASH,Position 10_RSPO_TOPFLASH_max_background_corrected.csv,10,IWR,14.0
56,57,1110,290,184.83287542387563,815.5405806786961,1986,508,137.53684314744686,126.71795252592756,47.296032276428775,688.8226281527685,RSPO,TopFLASH,Position 10_RSPO_TOPFLASH_max_background_corrected.csv,10,IWR,14.25
57,58,1084,243,184.9029231949704,744.7693373926388,2007,444,136.81668770574987,125.77426301329174,48.08623548922054,618.9950743793471,RSPO,TopFLASH,Position 10_RSPO_TOPFLASH_max_background_corrected.csv,10,IWR,14.5
58,59,1097,226,183.5906784485533,752.2083364273161,1978,487,137.0559392094255,126.31226949827976,46.53473923912776,625.8960669290364,RSPO,TopFLASH,Position 10_RSPO_TOPFLASH_max_background_corrected.csv,10,IWR,14.75
59,60,1097,222,180.28071087349323,706.4949877478281,1973,500,136.96049602732606,126.34513997178288,43.320214846167175,580.1498477760452,RSPO,TopFLASH,Position 10_RSPO_TOPFLASH_max_background_corrected.csv,10,IWR,15.0
60,61,1097,222,177.2019999504963,658.3777381747976,1973,500,136.68651766045394,126.8976262963788,40.51548229004234,531.4801118784188,RSPO,TopFLASH,Position 10_RSPO_TOPFLASH_max_background_corrected.csv,10,IWR,15.25
61,62,1097,222,175.0605925595901,634.3772183856835,1969,500,136.51874953590257,126.33207098834188,38.541843023687534,508.0451473973416,RSPO,TopFLASH,Position 10_RSPO_TOPFLASH_max_background_corrected.csv,10,IWR,15.5
62,63,1123,213,173.13564020692556,689.525878072325,1973,512,136.96259993564516,126.09930447266156,36.1730402712804,563.4265735996635,RSPO,TopFLASH,Position 10_RSPO_TOPFLASH_max_background_corrected.csv,10,IWR,15.75
63,64,1131,196,172.12479889111657,656.9480458404495,1939,483,136.64463750897255,126.0107423083587,35.48016138214402,530.9373035320908,RSPO,TopFLASH,Position 10_RSPO_TOPFLASH_max_background_corrected.csv,10,IWR,16.0
64,65,1127,243,170.55931783866737,681.3415757035717,1960,440,135.93017499566844,125.3701641048489,34.62914284299893,555.9714115987229,RSPO,TopFLASH,Position 10_RSPO_TOPFLASH_max_background_corrected.csv,10,IWR,16.25
65,66,1123,218,170.0662607361204,636.0516818890621,1978,440,135.99992574441228,125.33863023192497,34.06633499170812,510.7130516571372,RSPO,TopFLASH,Position 10_RSPO_TOPFLASH_max_background_corrected.csv,10,IWR,16.5
66,67,1123,218,168.62503403381103,613.2337318383209,1978,440,135.90742803395955,125.24583549912133,32.717605999851486,487.9878963391996,RSPO,TopFLASH,Position 10_RSPO_TOPFLASH_max_background_corrected.csv,10,IWR,16.75
67,68,1123,213,168.74743199425757,608.858815375857,1978,440,135.61070270537857,125.08185440954432,33.136729288879,483.7769609663127,RSPO,TopFLASH,Position 10_RSPO_TOPFLASH_max_background_corrected.csv,10,IWR,17.0
68,69,1127,209,166.50152223954854,590.2692507611198,1978,440,135.88945818172817,125.05923120714834,30.61206405782036,465.21001955397145,RSPO,TopFLASH,Position 10_RSPO_TOPFLASH_max_background_corrected.csv,10,IWR,17.25
69,70,1153,196,168.84151382391525,621.3473428875523,1978,440,135.7457488676023,125.16603549417094,33.09576495631296,496.1813073933813,RSPO,TopFLASH,Position 10_RSPO_TOPFLASH_max_background_corrected.csv,10,IWR,17.5
70,71,1170,179,168.5828568599787,635.8220836117918,1978,440,136.47048340387613,125.2193510061632,32.112373456102574,510.60273260562855,RSPO,TopFLASH,Position 10_RSPO_TOPFLASH_max_background_corrected.csv,10,IWR,17.75
71,72,1170,179,169.30041335610505,630.9567584960769,1978,440,136.13247196851563,125.2566025593426,33.16794138758942,505.7001559367343,RSPO,TopFLASH,Position 10_RSPO_TOPFLASH_max_background_corrected.csv,10,IWR,18.0
72,73,1170,179,169.72441276206035,622.919185168684,1978,440,136.99519813865993,125.31514071433875,32.72921462340042,497.6040444543452,RSPO,TopFLASH,Position 10_RSPO_TOPFLASH_max_background_corrected.csv,10,IWR,18.25
73,74,1170,179,170.4296675824856,618.3274423900399,1978,440,137.10673003143486,124.88938392614044,33.32293755105073,493.4380584638994,RSPO,TopFLASH,Position 10_RSPO_TOPFLASH_max_background_corrected.csv,10,IWR,18.5
74,75,1165,179,170.91688324546422,586.1211851191803,1978,440,137.62340041088092,125.1872230885374,33.2934828345833,460.9339620306429,RSPO,TopFLASH,Position 10_RSPO_TOPFLASH_max_background_corrected.csv,10,IWR,18.75
75,76,1140,179,167.73416499591593,536.9977228286428,1978,440,138.47323086062227,125.0735625355808,29.260934135293667,411.9241602930621,RSPO,TopFLASH,Position 10_RSPO_TOPFLASH_max_background_corrected.csv,10,IWR,19.0
76,1,947,1256,329.6711467537932,3914.8498799534655,1952,2043,149.08871067547832,137.51478923789014,180.58243607831488,3777.335090715576,RSPO,TopFLASH,Position 11_RSPO_TOPFLASH_max_background_corrected.csv,11,IWR,0.25
77,2,947,1256,324.9182198460434,3737.015519417836,1978,2043,149.51545753817976,138.19425261750948,175.40276230786367,3598.8212668003266,RSPO,TopFLASH,Position 11_RSPO_TOPFLASH_max_background_corrected.csv,11,IWR,0.5
78,3,930,1252,317.0914333803619,3723.7701789559674,1969,2021,149.44234053612536,137.83683572188806,167.64909284423652,3585.933343234078,RSPO,TopFLASH,Position 11_RSPO_TOPFLASH_max_background_corrected.csv,11,IWR,0.75
79,4,913,1252,308.878394099156,3597.7984703348925,1965,2030,149.13658077770353,137.74168956213956,159.74181332145244,3460.056780772753,RSPO,TopFLASH,Position 11_RSPO_TOPFLASH_max_background_corrected.csv,11,IWR,1.0
80,5,913,1252,304.2654637261454,3511.8127274077374,1986,2103,149.3213039281206,138.49607682978143,154.94415979802483,3373.316650577956,RSPO,TopFLASH,Position 11_RSPO_TOPFLASH_max_background_corrected.csv,11,IWR,1.25
81,6,896,1261,295.7066409247296,3534.828568599787,1990,2030,149.22697457983713,138.25474616964925,146.47966634489245,3396.5738224301376,RSPO,TopFLASH,Position 11_RSPO_TOPFLASH_max_background_corrected.csv,11,IWR,1.5
82,7,883,1269,291.55310512116034,3444.242493997673,1892,2013,146.6941164822653,135.04994925868172,144.85898863889506,3309.1925447389917,RSPO,TopFLASH,Position 11_RSPO_TOPFLASH_max_background_corrected.csv,11,IWR,1.75
83,8,875,1269,291.6029058686666,3521.205366203807,1888,2021,146.42899928219595,135.16601074230834,145.17390658647062,3386.0393554614984,RSPO,TopFLASH,Position 11_RSPO_TOPFLASH_max_background_corrected.csv,11,IWR,2.0
84,9,875,1269,290.5555803074181,3450.263161802926,1888,2026,146.3528625529071,134.73701146011237,144.20271775451104,3315.5261503428137,RSPO,TopFLASH,Position 11_RSPO_TOPFLASH_max_background_corrected.csv,11,IWR,2.25
85,10,870,1269,290.9243335561001,3388.709685403827,1888,2026,146.62035593178388,134.9717333729363,144.30397762431625,3253.7379520308905,RSPO,TopFLASH,Position 11_RSPO_TOPFLASH_max_background_corrected.csv,11,IWR,2.5
86,11,870,1269,293.48620083661297,3351.6801069280464,1888,2026,146.58107472587312,134.78158956461473,146.90512611073984,3216.8985173634314,RSPO,TopFLASH,Position 11_RSPO_TOPFLASH_max_background_corrected.csv,11,IWR,2.75
87,12,870,1269,295.1736590678449,3243.6698349050766,1888,2026,146.81894012524444,134.89180960867304,148.35471894260044,3108.7780252964035,RSPO,TopFLASH,Position 11_RSPO_TOPFLASH_max_background_corrected.csv,11,IWR,3.0
88,13,892,1273,297.97024826118167,3142.3359570307666,1888,2026,146.8565134526373,134.7473824905324,151.11373480854436,3007.5885745402343,RSPO,TopFLASH,Position 11_RSPO_TOPFLASH_max_background_corrected.csv,11,IWR,3.25
89,14,836,1295,295.9441350461622,3362.168188906215,1888,2026,146.81126704784535,135.0084156332764,149.13286799831687,3227.1597732729388,RSPO,TopFLASH,Position 11_RSPO_TOPFLASH_max_background_corrected.csv,11,IWR,3.5
90,15,841,1290,298.34197173337293,3266.597782233113,1888,2026,146.47686938442118,134.79302492512562,151.86510234895175,3131.804757307987,RSPO,TopFLASH,Position 11_RSPO_TOPFLASH_max_background_corrected.csv,11,IWR,3.75
91,16,841,1290,298.6086978045098,3132.853246206777,1888,2026,146.53164525630552,135.22229647780995,152.07705254820428,2997.630949728967,RSPO,TopFLASH,Position 11_RSPO_TOPFLASH_max_background_corrected.csv,11,IWR,4.0
92,17,845,1286,299.1434370436376,3142.188757704017,1888,2021,147.14427860696517,134.8930719536645,151.9991584366724,3007.2956857503523,RSPO,TopFLASH,Position 11_RSPO_TOPFLASH_max_background_corrected.csv,11,IWR,4.25
93,18,845,1286,298.27526546372616,3075.3864755822874,1888,1987,146.2630132917502,134.17385708274549,152.01225217197594,2941.212618499542,RSPO,TopFLASH,Position 11_RSPO_TOPFLASH_max_background_corrected.csv,11,IWR,4.5
94,19,845,1286,298.2493007598822,3005.0821266800326,1888,1983,146.13856092670974,134.18454988737903,152.11073983317246,2870.8975767926536,RSPO,TopFLASH,Position 11_RSPO_TOPFLASH_max_background_corrected.csv,11,IWR,4.75
95,20,815,1312,298.53872428900274,3274.7411697730254,1875,1974,145.51820499492587,133.34791218039155,153.02051929407688,3141.3932575926337,RSPO,TopFLASH,Position 11_RSPO_TOPFLASH_max_background_corrected.csv,11,IWR,5.0
96,21,815,1312,298.38538650033416,3163.7262196480283,1875,1974,145.35640206925572,133.28897799559417,153.02898443107844,3030.4372416524343,RSPO,TopFLASH,Position 11_RSPO_TOPFLASH_max_background_corrected.csv,11,IWR,5.25
97,22,823,1312,299.55753570456176,3117.634811019529,1875,1974,145.33971931387836,133.40944531075962,154.2178163906834,2984.225365708769,RSPO,TopFLASH,Position 11_RSPO_TOPFLASH_max_background_corrected.csv,11,IWR,5.5
98,23,823,1316,297.4567461201456,3025.67235959506,1875,1974,145.33561050469046,133.42192024949878,152.1211356154551,2892.2504393455606,RSPO,TopFLASH,Position 11_RSPO_TOPFLASH_max_background_corrected.csv,11,IWR,5.75
99,24,823,1316,292.61515804064254,3007.570951214079,1875,1974,145.1409371055172,133.3429123041509,147.47422093512537,2874.228038909928,RSPO,TopFLASH,Position 11_RSPO_TOPFLASH_max_background_corrected.csv,11,IWR,6.0
100,25,823,1316,291.56518403009824,2922.090195787233,1875,1974,144.60555431796243,132.94200638598053,146.9596297121358,2789.148189401252,RSPO,TopFLASH,Position 11_RSPO_TOPFLASH_max_background_corrected.csv,11,IWR,6.25
101,26,823,1316,289.221355907032,2794.4751367540407,1875,1974,144.18373307591395,132.76703546941908,145.03762283111803,2661.708101284621,RSPO,TopFLASH,Position 11_RSPO_TOPFLASH_max_background_corrected.csv,11,IWR,6.5
102,27,823,1316,288.2698695576842,2677.473428875523,1875,1974,144.19784163758322,132.87166159253485,144.072027920101,2544.601767282988,RSPO,TopFLASH,Position 11_RSPO_TOPFLASH_max_background_corrected.csv,11,IWR,6.75
103,28,823,1316,286.05868666617164,2554.017821341056,1952,2021,145.97571842281133,136.2818494591718,140.0829682433603,2417.735971881884,RSPO,TopFLASH,Position 11_RSPO_TOPFLASH_max_background_corrected.csv,11,IWR,7.0
104,29,823,1333,286.7120863344967,2618.291923467241,1978,1987,146.07173089775006,136.51921982129156,140.64035543674663,2481.772703645949,RSPO,TopFLASH,Position 11_RSPO_TOPFLASH_max_background_corrected.csv,11,IWR,7.25
105,30,764,1333,282.877453528378,2741.140318308953,1973,1979,145.5915200118809,136.0203707829014,137.2859335164971,2605.1199475260514,RSPO,TopFLASH,Position 11_RSPO_TOPFLASH_max_background_corrected.csv,11,IWR,7.5
106,31,772,1286,277.9018588648796,2394.157347590406,1956,1970,145.40211875943666,135.40679686146382,132.4997401054429,2258.7505507289425,RSPO,TopFLASH,Position 11_RSPO_TOPFLASH_max_background_corrected.csv,11,IWR,7.75
107,32,746,1325,275.76206034504094,2587.0588846810724,1913,1957,144.2083859310413,133.65822628152767,131.55367441399963,2453.4006583995447,RSPO,TopFLASH,Position 11_RSPO_TOPFLASH_max_background_corrected.csv,11,IWR,8.0
108,33,755,1350,276.0633400163362,2450.2709833915,1879,1944,144.4118214895671,133.39815846142423,131.6515185267691,2316.872824930076,RSPO,TopFLASH,Position 11_RSPO_TOPFLASH_max_background_corrected.csv,11,IWR,8.25
109,34,742,1350,275.1364817702532,2488.1428677507984,1871,1944,142.8773545209277,131.95636246627558,132.25912724932553,2356.186505284523,RSPO,TopFLASH,Position 11_RSPO_TOPFLASH_max_background_corrected.csv,11,IWR,8.5
110,35,738,1355,273.72428900274747,2412.454394693201,1866,1944,142.9735155070419,131.74433801143536,130.75077349570557,2280.7100566817653,RSPO,TopFLASH,Position 11_RSPO_TOPFLASH_max_background_corrected.csv,11,IWR,8.75
111,36,699,1320,266.3819459914358,2347.0952204153364,1960,2000,145.19628227024083,136.02472711071508,121.185663721195,2211.0704933046213,RSPO,TopFLASH,Position 11_RSPO_TOPFLASH_max_background_corrected.csv,11,IWR,9.0
112,37,768,1346,272.19447538427266,2126.595232791268,1935,1915,144.28749288383952,133.54882304893442,127.90698250043314,1993.0464097423328,RSPO,TopFLASH,Position 11_RSPO_TOPFLASH_max_background_corrected.csv,11,IWR,9.25
113,38,734,1350,270.31590802207864,2168.2442266280536,1913,1949,143.94465483527637,133.28425038984184,126.37125318680228,2034.959976238212,RSPO,TopFLASH,Position 11_RSPO_TOPFLASH_max_background_corrected.csv,11,IWR,9.5
114,39,708,1350,268.62812801663324,2089.0540580678694,1913,1876,143.03707829014132,132.03004876116927,125.59104972649192,1957.0240093067,RSPO,TopFLASH,Position 11_RSPO_TOPFLASH_max_background_corrected.csv,11,IWR,9.75
115,40,717,1350,269.1506398356476,1977.442068265637,1909,1876,142.9921536595629,131.9429717086211,126.15848617608472,1845.499096557016,RSPO,TopFLASH,Position 11_RSPO_TOPFLASH_max_background_corrected.csv,11,IWR,10.0
116,41,717,1350,264.74401623722184,1800.721368282963,1943,1949,144.28481968268113,134.60337615405558,120.45919655454072,1666.1179921289076,RSPO,TopFLASH,Position 11_RSPO_TOPFLASH_max_background_corrected.csv,11,IWR,10.25
117,42,717,1333,261.8232221974704,1745.4174649142349,1990,1966,144.89336897601544,136.18229746788447,116.92985322145496,1609.2351674463505,RSPO,TopFLASH,Position 11_RSPO_TOPFLASH_max_background_corrected.csv,11,IWR,10.5
118,43,746,1359,262.23113289275017,1698.4792455632287,1948,1962,144.41041063340018,134.98230241825698,117.82072225935,1563.4969431449715,RSPO,TopFLASH,Position 11_RSPO_TOPFLASH_max_background_corrected.csv,11,IWR,10.75
119,44,721,1346,259.4974629340858,1694.1706640924729,1948,1962,144.24370683893963,135.0422266775575,115.25375609514614,1559.1284374149154,RSPO,TopFLASH,Position 11_RSPO_TOPFLASH_max_background_corrected.csv,11,IWR,11.0
120,45,729,1355,258.9498279745551,1615.5605554317965,1948,1962,143.7739659909408,135.04470186381525,115.17586198361428,1480.5158535679811,RSPO,TopFLASH,Position 11_RSPO_TOPFLASH_max_background_corrected.csv,11,IWR,11.25
121,46,729,1355,256.50330437365415,1605.842404890968,1948,1962,143.7486200836613,134.88119105962724,112.75468428999284,1470.9612138313407,RSPO,TopFLASH,Position 11_RSPO_TOPFLASH_max_background_corrected.csv,11,IWR,11.5
122,47,725,1355,253.8666369644316,1530.5008539392588,1948,1962,143.5170416573847,134.99264869681443,110.34959530704684,1395.5082052424443,RSPO,TopFLASH,Position 11_RSPO_TOPFLASH_max_background_corrected.csv,11,IWR,11.75
123,48,704,1359,252.2455384767704,1524.096705527091,1819,2017,140.79767827529022,130.99702977649068,111.44786020148015,1393.0996757506002,RSPO,TopFLASH,Position 11_RSPO_TOPFLASH_max_background_corrected.csv,11,IWR,12.0
124,49,674,1384,244.05888468107224,1445.3900893542238,1789,2013,139.85450855176853,129.37942130145294,104.20437612930372,1316.0106680527708,RSPO,TopFLASH,Position 11_RSPO_TOPFLASH_max_background_corrected.csv,11,IWR,12.25
125,50,704,1384,244.67332491770009,1354.6549342838048,1764,2030,138.98599044578106,128.464221182644,105.687334471919,1226.1907131011608,RSPO,TopFLASH,Position 11_RSPO_TOPFLASH_max_background_corrected.csv,11,IWR,12.5
126,51,704,1384,239.6586223113289,1306.7456746120145,1678,2013,137.1089081953417,125.57317888171085,102.54971411598724,1181.1724957303036,RSPO,TopFLASH,Position 11_RSPO_TOPFLASH_max_background_corrected.csv,11,IWR,12.75
127,52,704,1384,239.20974728348307,1333.159525754313,1700,2026,137.28642855374866,126.0702457859954,101.9233187297344,1207.0892799683177,RSPO,TopFLASH,Position 11_RSPO_TOPFLASH_max_background_corrected.csv,11,IWR,13.0
128,53,665,1376,235.9735155070419,1337.5616940174748,1725,1996,137.71042795970396,126.81436103066756,98.26308754733792,1210.7473329868071,RSPO,TopFLASH,Position 11_RSPO_TOPFLASH_max_background_corrected.csv,11,IWR,13.25
129,54,657,1376,235.5077597089181,1281.9869557684217,1747,2081,138.10984876611963,127.8181975693671,97.39791094279845,1154.1687581990543,RSPO,TopFLASH,Position 11_RSPO_TOPFLASH_max_background_corrected.csv,11,IWR,13.5
130,55,601,1419,225.34197173337293,1190.097349075518,1764,2073,138.5489715601099,128.47300809385905,86.79300017326304,1061.6243409816589,RSPO,TopFLASH,Position 11_RSPO_TOPFLASH_max_background_corrected.csv,11,IWR,13.75
131,56,635,1372,233.0897750055692,1188.9246305784511,1892,1983,141.5070914086285,133.49748768594836,91.58268359694068,1055.4271428925028,RSPO,TopFLASH,Position 11_RSPO_TOPFLASH_max_background_corrected.csv,11,IWR,14.0
132,57,635,1376,232.44865226108263,1199.738966857256,1892,1983,141.59048043365263,133.6160986114205,90.85817182743004,1066.1228682458354,RSPO,TopFLASH,Position 11_RSPO_TOPFLASH_max_background_corrected.csv,11,IWR,14.25
133,58,627,1393,225.77436202074207,1104.0949233929853,1888,1983,141.5077597089181,133.3911784361773,84.26660231182399,970.703744956808,RSPO,TopFLASH,Position 11_RSPO_TOPFLASH_max_background_corrected.csv,11,IWR,14.5
134,59,601,1363,224.83468230984383,1152.93393727878,1888,1983,141.5170664092473,133.23056359991088,83.31761590059654,1019.7033736788692,RSPO,TopFLASH,Position 11_RSPO_TOPFLASH_max_background_corrected.csv,11,IWR,14.75
135,60,635,1397,226.9597782233113,1069.681418776763,1888,1983,141.0523006856266,133.3334818445088,85.90747753768471,936.347936932254,RSPO,TopFLASH,Position 11_RSPO_TOPFLASH_max_background_corrected.csv,11,IWR,15.0
136,61,627,1384,224.04113759560408,1081.693349174525,1884,1983,141.10895769906685,133.1079181208386,82.9321798965372,948.5854310536868,RSPO,TopFLASH,Position 11_RSPO_TOPFLASH_max_background_corrected.csv,11,IWR,15.25
137,62,593,1376,220.3643969208683,1000.5164476126828,1879,2000,141.1414816464939,133.29697284720675,79.2229152743744,867.2194747654762,RSPO,TopFLASH,Position 11_RSPO_TOPFLASH_max_background_corrected.csv,11,IWR,15.5
138,63,614,1393,223.94589242840524,951.9834410039356,1879,2000,140.81958367367145,133.42585579564863,83.1263087547338,818.5575852082869,RSPO,TopFLASH,Position 11_RSPO_TOPFLASH_max_background_corrected.csv,11,IWR,15.75
139,64,618,1393,221.1217544120195,1025.0447266156775,1879,2000,140.94467958713892,133.30006683002895,80.17707482488058,891.7446597856488,RSPO,TopFLASH,Position 11_RSPO_TOPFLASH_max_background_corrected.csv,11,IWR,16.0
140,65,597,1397,216.35439716838687,917.4601866290438,1879,2000,140.91106655775846,133.53028390386376,75.44333061062846,783.9299027251801,RSPO,TopFLASH,Position 11_RSPO_TOPFLASH_max_background_corrected.csv,11,IWR,16.25
141,66,563,1402,212.0801960347516,885.1970743298433,1866,2000,140.57102546966658,132.8761416796614,71.50917056508504,752.3209326501819,RSPO,TopFLASH,Position 11_RSPO_TOPFLASH_max_background_corrected.csv,11,IWR,16.5
142,67,558,1397,213.2427415162991,882.8678745575604,1918,1996,141.4936758991114,134.6758248558204,71.74906561718771,748.19204970174,RSPO,TopFLASH,Position 11_RSPO_TOPFLASH_max_background_corrected.csv,11,IWR,16.75
143,68,593,1402,211.08682953392244,837.4973639266354,1982,1996,142.54515977327293,136.37744115244672,68.54166976064951,701.1199227741887,RSPO,TopFLASH,Position 11_RSPO_TOPFLASH_max_background_corrected.csv,11,IWR,17.0
144,69,640,1393,212.19286651320516,834.8560926709735,1935,2000,141.68750773495705,135.4073661543031,70.50535877824808,699.4487265166704,RSPO,TopFLASH,Position 11_RSPO_TOPFLASH_max_background_corrected.csv,11,IWR,17.25
145,70,516,1380,208.7051558129749,832.9315115962477,1905,1983,140.75629316106037,134.123660305438,67.94886265191457,698.8078512908097,RSPO,TopFLASH,Position 11_RSPO_TOPFLASH_max_background_corrected.csv,11,IWR,17.5
146,71,520,1380,206.34773891735352,794.5980297517389,1952,1983,142.48667112200192,136.24652855127349,63.8610677953516,658.3515012004653,RSPO,TopFLASH,Position 11_RSPO_TOPFLASH_max_background_corrected.csv,11,IWR,17.75
147,72,550,1393,208.0997252543254,762.0021039083191,1892,1953,141.52483849409668,134.38053513526893,66.57488676022871,627.6215687730502,RSPO,TopFLASH,Position 11_RSPO_TOPFLASH_max_background_corrected.csv,11,IWR,18.0
148,73,537,1393,210.4011781886587,776.1611346253806,1875,1949,141.7486200836613,133.89371550209154,68.65255810499738,642.2674191232891,RSPO,TopFLASH,Position 11_RSPO_TOPFLASH_max_background_corrected.csv,11,IWR,18.25
149,74,520,1389,211.7050568055246,749.6132026434989,1849,1974,141.65671641791045,133.2365535506547,70.04834038761416,616.3766490928442,RSPO,TopFLASH,Position 11_RSPO_TOPFLASH_max_background_corrected.csv,11,IWR,18.5
150,75,528,1355,215.83973168980967,741.2569490854187,1781,1962,140.48813148189402,130.49476498106483,75.35160020791565,610.7621841043539,RSPO,TopFLASH,Position 11_RSPO_TOPFLASH_max_background_corrected.csv,11,IWR,18.75
151,76,533,1355,214.6076829781441,740.6950570530432,1871,1893,143.0111878418851,134.12568995816935,71.59649513625902,606.5693670948739,RSPO,TopFLASH,Position 11_RSPO_TOPFLASH_max_background_corrected.csv,11,IWR,19.0
152,1,1084,1389,315.16888195836736,3710.2110591322,888,2038,136.48033464518204,126.16742159847529,178.68854731318532,3584.0436375337244,RSPO,TopFLASH,Position 1_RSPO_TOPFLASH_max_background_corrected.csv,1,Control,0.25
153,2,1080,1380,313.343432093265,3670.711244771169,815,2051,132.61238583203385,124.69379470805178,180.73104626123117,3546.017450063117,RSPO,TopFLASH,Position 1_RSPO_TOPFLASH_max_background_corrected.csv,1,Control,0.5
154,3,1046,1384,313.9234672409099,3704.6719635652585,815,2030,133.1135615455063,125.1559862379644,180.8099056954036,3579.515977327294,RSPO,TopFLASH,Position 1_RSPO_TOPFLASH_max_background_corrected.csv,1,Control,0.75
155,4,1071,1389,310.528922551422,3607.0785624118216,811,2017,133.54867453775896,125.44756317912923,176.98024801366304,3481.6309992326924,RSPO,TopFLASH,Position 1_RSPO_TOPFLASH_max_background_corrected.csv,1,Control,1.0
156,5,1054,1384,307.02339051013587,3494.220588599292,811,2017,133.40813346204305,125.50855176852058,173.61525704809284,3368.7120368307715,RSPO,TopFLASH,Position 1_RSPO_TOPFLASH_max_background_corrected.csv,1,Control,1.25
157,6,1067,1397,305.57117398084205,3438.296032276429,811,2017,133.26707259721294,125.29838370337367,172.3041013836291,3312.997648573056,RSPO,TopFLASH,Position 1_RSPO_TOPFLASH_max_background_corrected.csv,1,Control,1.5
158,7,1110,1397,298.55441696987697,3091.0639340610383,811,2009,133.4273161555407,125.58270834880324,165.12710081433627,2965.481225712235,RSPO,TopFLASH,Position 1_RSPO_TOPFLASH_max_background_corrected.csv,1,Control,1.75
159,8,1024,1414,305.12747209227496,3544.4750377465903,811,2004,133.76428801267295,125.6134501621247,171.363184079602,3418.8615875844657,RSPO,TopFLASH,Position 1_RSPO_TOPFLASH_max_background_corrected.csv,1,Control,2.0
160,9,1076,1444,297.0761614811515,3295.3334570926463,811,2004,133.72614539244077,125.40989084428604,163.3500160887107,3169.92356624836,RSPO,TopFLASH,Position 1_RSPO_TOPFLASH_max_background_corrected.csv,1,Control,2.25
161,10,1093,1423,292.2196975322393,3071.937947080518,811,2004,133.76683745451845,125.41239078240638,158.45286007772086,2946.5255562981115,RSPO,TopFLASH,Position 1_RSPO_TOPFLASH_max_background_corrected.csv,1,Control,2.5
162,11,1046,1410,298.87383975644167,3426.327689908665,811,2026,133.8323556347615,125.22261825202348,165.04148412168016,3301.105071656642,RSPO,TopFLASH,Position 1_RSPO_TOPFLASH_max_background_corrected.csv,1,Control,2.75
163,12,1007,1363,305.5669414123413,3515.9479963367244,832,2038,135.5961733620455,125.6142174698646,169.9707680502958,3390.33377886686,RSPO,TopFLASH,Position 1_RSPO_TOPFLASH_max_background_corrected.csv,1,Control,3.0
164,13,1041,1384,301.83497933219473,3434.199772282864,832,2043,135.29999257444123,125.33855597633722,166.5349867577535,3308.861216306527,RSPO,TopFLASH,Position 1_RSPO_TOPFLASH_max_background_corrected.csv,1,Control,3.25
165,14,1024,1380,303.4064255835252,3564.8751516051584,828,2043,135.37234226875572,125.28432464542956,168.03408331476945,3439.590826959729,RSPO,TopFLASH,Position 1_RSPO_TOPFLASH_max_background_corrected.csv,1,Control,3.5
166,15,1054,1436,292.2421722234598,3013.5242444493947,828,2043,135.6717160466325,125.30969530457168,156.57045617682732,2888.214549144823,RSPO,TopFLASH,Position 1_RSPO_TOPFLASH_max_background_corrected.csv,1,Control,3.75
167,16,1020,1436,297.0351476448603,3368.2562560332667,828,2043,136.17266899334174,125.49709165614712,160.86247865151853,3242.75916437712,RSPO,TopFLASH,Position 1_RSPO_TOPFLASH_max_background_corrected.csv,1,Control,4.0
168,17,973,1402,308.00173263038045,3741.8659934160046,828,2043,135.99918318853494,125.5622633103141,172.0025494418455,3616.30373010569,RSPO,TopFLASH,Position 1_RSPO_TOPFLASH_max_background_corrected.csv,1,Control,4.25
169,18,1050,1474,288.522883096953,2764.950793297196,828,2043,136.66822603400905,125.98254993688276,151.85465706294397,2638.968243360313,RSPO,TopFLASH,Position 1_RSPO_TOPFLASH_max_background_corrected.csv,1,Control,4.5
170,19,1024,1466,290.92903640998986,2917.015148139897,828,2043,136.86369149278482,126.55617435212,154.06534491720504,2790.4589737877777,RSPO,TopFLASH,Position 1_RSPO_TOPFLASH_max_background_corrected.csv,1,Control,4.75
171,20,1020,1436,290.6151085369174,3053.792975421401,828,2043,137.13212544243953,126.86530036385238,153.48298309447785,2926.927675057548,RSPO,TopFLASH,Position 1_RSPO_TOPFLASH_max_background_corrected.csv,1,Control,5.0
172,21,1029,1461,286.75678819831194,2812.6014950124995,815,2038,136.54092720477215,126.76433751639811,150.2158609935398,2685.8371574961016,RSPO,TopFLASH,Position 1_RSPO_TOPFLASH_max_background_corrected.csv,1,Control,5.25
173,22,1016,1444,286.9560654439247,2807.540036137719,823,2026,137.35711987327048,127.2320982153907,149.5989455706542,2680.3079379223286,RSPO,TopFLASH,Position 1_RSPO_TOPFLASH_max_background_corrected.csv,1,Control,5.5
174,23,1016,1440,285.7360708893344,2865.2577906487463,836,2026,137.60171777926288,127.69545308284448,148.13435311007154,2737.562337565902,RSPO,TopFLASH,Position 1_RSPO_TOPFLASH_max_background_corrected.csv,1,Control,5.75
175,24,1016,1440,281.2176431276454,2742.7637682235586,1755,500,142.0745526100839,126.110121036608,139.14309051756146,2616.6536471869504,RSPO,TopFLASH,Position 1_RSPO_TOPFLASH_max_background_corrected.csv,1,Control,6.0
176,25,1016,1436,277.32259102497466,2647.3536546125097,1772,508,141.40919779213385,125.95151110121036,135.9133932328408,2521.402143511299,RSPO,TopFLASH,Position 1_RSPO_TOPFLASH_max_background_corrected.csv,1,Control,6.25
177,26,900,1367,298.875225860746,3601.744882552412,1772,508,140.59721294027375,125.46281032647708,158.27801292047226,3476.282072225935,RSPO,TopFLASH,Position 1_RSPO_TOPFLASH_max_background_corrected.csv,1,Control,6.5
178,27,909,1419,289.83829608178013,3496.894680824732,1772,508,139.3251652186827,124.95571891784856,150.51313086309742,3371.9389619068834,RSPO,TopFLASH,Position 1_RSPO_TOPFLASH_max_background_corrected.csv,1,Control,6.75
179,28,875,1384,292.9980941065815,3575.5015964951363,1772,508,138.46360238607954,124.80228212172966,154.53449172050196,3450.6993143734067,RSPO,TopFLASH,Position 1_RSPO_TOPFLASH_max_background_corrected.csv,1,Control,7.0
180,29,875,1406,287.9564367218633,3546.195490210638,1772,508,138.1101457884706,124.41135120417812,149.84629093339274,3421.78413900646,RSPO,TopFLASH,Position 1_RSPO_TOPFLASH_max_background_corrected.csv,1,Control,7.25
181,30,875,1406,285.4137768867107,3531.6131283879117,1772,508,137.49897279770303,124.19021806390931,147.91480408900767,3407.422910324002,RSPO,TopFLASH,Position 1_RSPO_TOPFLASH_max_background_corrected.csv,1,Control,7.5
182,31,875,1406,280.37803519714856,3320.189450756169,1772,508,137.51045766193906,124.29744313259572,142.8675775352095,3195.8920076235736,RSPO,TopFLASH,Position 1_RSPO_TOPFLASH_max_background_corrected.csv,1,Control,7.75
183,32,875,1406,278.4926858246083,3392.8931957129776,1879,478,137.26783990495284,124.24534046186976,141.22484591965548,3268.647855251108,RSPO,TopFLASH,Position 1_RSPO_TOPFLASH_max_background_corrected.csv,1,Control,8.0
184,33,875,1406,272.94245191950694,3230.6929283928616,1862,564,137.6407019628227,124.61656889680948,135.30174995668423,3106.076359496052,RSPO,TopFLASH,Position 1_RSPO_TOPFLASH_max_background_corrected.csv,1,Control,8.25
185,34,875,1406,269.05467686443404,3074.6257518378256,1845,572,137.87445855300612,124.5657038192124,131.18021831142792,2950.060048018613,RSPO,TopFLASH,Position 1_RSPO_TOPFLASH_max_background_corrected.csv,1,Control,8.5
186,35,875,1440,265.1292789782431,2817.05876092176,1845,572,137.67978515383282,124.5326848345338,127.4494938244103,2692.5260760872256,RSPO,TopFLASH,Position 1_RSPO_TOPFLASH_max_background_corrected.csv,1,Control,8.75
187,36,841,1406,269.55278334694685,3242.250167075073,1841,602,137.92346724090987,124.62748446820623,131.62931610603698,3117.6226826068664,RSPO,TopFLASH,Position 1_RSPO_TOPFLASH_max_background_corrected.csv,1,Control,9.0
188,37,841,1406,267.6294151134873,3133.854285785005,1841,602,137.54347664661765,124.66797851538328,130.08593846686966,3009.186307269622,RSPO,TopFLASH,Position 1_RSPO_TOPFLASH_max_background_corrected.csv,1,Control,9.25
189,38,841,1380,265.33219474765474,2875.221727184971,1841,602,137.67730996757507,124.5956288210688,127.65488478007968,2750.626098363902,RSPO,TopFLASH,Position 1_RSPO_TOPFLASH_max_background_corrected.csv,1,Control,9.5
190,39,841,1380,260.67055270909134,2805.5281799955446,1841,602,137.5985990445781,124.7734214499641,123.07195366451325,2680.7547585455804,RSPO,TopFLASH,Position 1_RSPO_TOPFLASH_max_background_corrected.csv,1,Control,9.75
191,40,841,1380,255.83398925769168,2723.7830746763693,1837,602,137.44234053612536,124.78282715774364,118.3916487215663,2599.0002475186257,RSPO,TopFLASH,Position 1_RSPO_TOPFLASH_max_background_corrected.csv,1,Control,10.0
192,41,841,1380,253.80963342491523,2644.8350535877826,1841,602,137.8440880176233,124.81995495161011,115.9655454072919,2520.0150986361723,RSPO,TopFLASH,Position 1_RSPO_TOPFLASH_max_background_corrected.csv,1,Control,10.25
193,42,841,1380,249.2104898393604,2447.887997821836,1841,606,137.7665156803049,124.70423999405956,111.44397415905549,2323.1837578277764,RSPO,TopFLASH,Position 1_RSPO_TOPFLASH_max_background_corrected.csv,1,Control,10.5
194,43,841,1380,246.4235538724289,2304.197742630133,1841,606,137.82408851266058,124.7870597262444,108.59946535976832,2179.4106829038883,RSPO,TopFLASH,Position 1_RSPO_TOPFLASH_max_background_corrected.csv,1,Control,10.75
195,44,841,1380,241.189005222643,2212.3550159649512,1841,602,137.50149748768595,124.43699413380855,103.68750773495704,2087.9180218311426,RSPO,TopFLASH,Position 1_RSPO_TOPFLASH_max_background_corrected.csv,1,Control,11.0
196,45,841,1380,238.6077077300067,2126.1022499443084,1845,594,136.83661295512488,124.54968936412465,101.77109477488182,2001.552560580184,RSPO,TopFLASH,Position 1_RSPO_TOPFLASH_max_background_corrected.csv,1,Control,11.25
197,46,811,1384,243.3559812875919,2304.9850746268658,1802,589,136.70758149550753,124.42692012573946,106.64839979208438,2180.5581545011264,RSPO,TopFLASH,Position 1_RSPO_TOPFLASH_max_background_corrected.csv,1,Control,11.5
198,47,811,1384,240.1716294151135,2312.900472760575,1802,589,136.40513848667112,124.38692111581396,103.76649092844238,2188.5135516447613,RSPO,TopFLASH,Position 1_RSPO_TOPFLASH_max_background_corrected.csv,1,Control,11.75
199,48,811,1384,236.00955421895495,2195.955520902948,1802,589,136.18603499913368,124.67307739907427,99.82351921982128,2071.2824435038738,RSPO,TopFLASH,Position 1_RSPO_TOPFLASH_max_background_corrected.csv,1,Control,12.0
200,49,811,1384,231.6032028910176,2010.60802950422,1802,589,136.18576272864533,124.07739907428034,95.41744016237224,1886.53063042994,RSPO,TopFLASH,Position 1_RSPO_TOPFLASH_max_background_corrected.csv,1,Control,12.25
201,50,811,1384,228.71733372936316,1953.158238657459,1802,589,136.19660404445435,124.00150986361724,92.5207296849088,1829.1567287938417,RSPO,TopFLASH,Position 1_RSPO_TOPFLASH_max_background_corrected.csv,1,Control,12.5
202,51,811,1384,226.3669711145764,1940.7315660503448,1802,589,135.68651766045394,124.25922625677582,90.6804534541224,1816.4723397935693,RSPO,TopFLASH,Position 1_RSPO_TOPFLASH_max_background_corrected.csv,1,Control,12.75
203,52,811,1384,221.92017524318703,1822.9195811984853,1802,589,135.89039875250612,124.14234796168412,86.02977649068094,1698.777233236801,RSPO,TopFLASH,Position 1_RSPO_TOPFLASH_max_background_corrected.csv,1,Control,13.0
204,53,806,1389,219.9776243162298,1716.5109774510531,1802,589,135.67332491770006,124.14133313531843,84.30429939852974,1592.3696443157346,RSPO,TopFLASH,Position 1_RSPO_TOPFLASH_max_background_corrected.csv,1,Control,13.25
205,54,806,1376,215.99361401945492,1687.3242493997673,1802,589,135.4745179574763,124.01066805277097,80.51909606197864,1563.3135813469962,RSPO,TopFLASH,Position 1_RSPO_TOPFLASH_max_background_corrected.csv,1,Control,13.5
206,55,781,1389,217.6853543229128,1792.6986708249797,1802,589,135.21177693621445,124.08079007945348,82.47357738669834,1668.6178807455262,RSPO,TopFLASH,Position 1_RSPO_TOPFLASH_max_background_corrected.csv,1,Control,13.75
207,56,781,1389,215.55909507190412,1677.4027870597265,1802,589,134.8653746194401,123.97856488700776,80.69372045246405,1553.4242221727186,RSPO,TopFLASH,Position 1_RSPO_TOPFLASH_max_background_corrected.csv,1,Control,14.0
208,57,781,1389,211.55565456300587,1575.5529318581223,1802,589,135.20890572015543,123.84740476720872,76.34674884285045,1451.7055270909136,RSPO,TopFLASH,Position 1_RSPO_TOPFLASH_max_background_corrected.csv,1,Control,14.25
209,58,781,1384,209.2192519987129,1470.2069255711492,1802,589,134.99660899482686,124.23425162743496,74.22264300388605,1345.9726739437142,RSPO,TopFLASH,Position 1_RSPO_TOPFLASH_max_background_corrected.csv,1,Control,14.5
210,59,781,1359,203.51931882874183,1283.0832900175735,1802,589,135.12771961090073,124.43387539912378,68.39159921784113,1158.64941461845,RSPO,TopFLASH,Position 1_RSPO_TOPFLASH_max_background_corrected.csv,1,Control,14.75
211,60,781,1346,199.90841810846263,1166.655231306156,1802,589,135.20120789089378,124.21395510012128,64.70721021756887,1042.441276206035,RSPO,TopFLASH,Position 1_RSPO_TOPFLASH_max_background_corrected.csv,1,Control,15.0
212,61,794,1346,193.8139897527289,1019.5083290017574,1802,589,135.08413158090147,124.3159822776664,58.72985817182743,895.192346724091,RSPO,TopFLASH,Position 1_RSPO_TOPFLASH_max_background_corrected.csv,1,Control,15.25
213,62,798,1346,191.60807900794532,939.214153115022,1802,589,134.85148882453404,124.35788718101035,56.756590183411305,814.8562659340115,RSPO,TopFLASH,Position 1_RSPO_TOPFLASH_max_background_corrected.csv,1,Control,15.5
214,63,798,1346,190.51689314620924,912.4877107002302,1802,589,135.0208163164278,124.4887997821836,55.49607682978143,787.9989109180466,RSPO,TopFLASH,Position 1_RSPO_TOPFLASH_max_background_corrected.csv,1,Control,15.75
215,64,764,1389,197.07536942154897,1040.0301477686196,1802,589,134.97782233113043,124.46159748521076,62.097547090418544,915.5685502834089,RSPO,TopFLASH,Position 1_RSPO_TOPFLASH_max_background_corrected.csv,1,Control,16.0
216,65,652,1419,209.3515259523279,1607.5806786960718,1802,589,135.0061137100567,124.40546026088464,74.34541224227121,1483.1752184351872,RSPO,TopFLASH,Position 1_RSPO_TOPFLASH_max_background_corrected.csv,1,Control,16.25
217,66,674,1393,205.6195391203188,1358.6073612039306,1802,589,134.68550283408825,124.59973763025668,70.93403628623054,1234.007623573674,RSPO,TopFLASH,Position 1_RSPO_TOPFLASH_max_background_corrected.csv,1,Control,16.5
218,67,657,1393,205.9879458429247,1349.1737580752952,1802,589,134.54783297443132,124.60057919358432,71.44011286849337,1224.5731788817109,RSPO,TopFLASH,Position 1_RSPO_TOPFLASH_max_background_corrected.csv,1,Control,16.75
219,68,657,1393,205.10106185490457,1220.1274968441376,1802,589,134.2319002004901,124.70062622212322,70.86916165441448,1095.4268706220143,RSPO,TopFLASH,Position 1_RSPO_TOPFLASH_max_background_corrected.csv,1,Control,17.0
220,69,657,1393,201.21286601816783,1159.317987178535,1802,589,134.5237989158684,124.68899284671171,66.68906710229945,1034.6289943318234,RSPO,TopFLASH,Position 1_RSPO_TOPFLASH_max_background_corrected.csv,1,Control,17.25
221,70,657,1393,198.63590010148263,1093.0373505606296,1802,589,134.47182000445534,124.5472884334546,64.1640800970273,968.4900621271752,RSPO,TopFLASH,Position 1_RSPO_TOPFLASH_max_background_corrected.csv,1,Control,17.5
222,71,657,1393,196.94665973614516,1011.729239375263,1802,589,134.57463924160294,124.53464023167744,62.3720204945422,887.1945991435855,RSPO,TopFLASH,Position 1_RSPO_TOPFLASH_max_background_corrected.csv,1,Control,17.75
223,72,661,1384,194.3471943763768,947.9788866612212,1802,589,134.96257518378258,124.69847281007895,59.38461919259424,823.2804138511424,RSPO,TopFLASH,Position 1_RSPO_TOPFLASH_max_background_corrected.csv,1,Control,18.0
224,73,661,1384,195.91708126036485,869.0046038464394,1802,589,135.15660503452884,124.91076953540754,60.760476225836015,744.0938343110319,RSPO,TopFLASH,Position 1_RSPO_TOPFLASH_max_background_corrected.csv,1,Control,18.25
225,74,661,1384,196.7264424147917,847.2541026212223,1802,589,135.69320066334993,124.94656072869483,61.03324175144178,722.3075418925274,RSPO,TopFLASH,Position 1_RSPO_TOPFLASH_max_background_corrected.csv,1,Control,18.5
226,75,661,1384,195.5888715625851,816.8034454592708,1802,589,136.41555902081632,124.8752506126086,59.17331254176878,691.9281948466622,RSPO,TopFLASH,Position 1_RSPO_TOPFLASH_max_background_corrected.csv,1,Control,18.75
227,76,661,1384,196.33412539293585,732.5658028266627,1802,589,136.68426524095938,125.10927947328037,59.64986015197644,607.4565233533823,RSPO,TopFLASH,Position 1_RSPO_TOPFLASH_max_background_corrected.csv,1,Control,19.0
228,1,1187,1526,251.44068216133263,3175.516447612683,2037,2038,150.46340437117894,138.78701022251926,100.97727779015368,3036.729437390164,RSPO,TopFLASH,Position 2_RSPO_TOPFLASH_max_background_corrected.csv,2,Control,0.25
229,2,1182,1551,252.4762753397193,3285.9787876537707,1952,2004,150.57241157397095,137.10398257468876,101.90386376574835,3148.874805079082,RSPO,TopFLASH,Position 2_RSPO_TOPFLASH_max_background_corrected.csv,2,Control,0.5
230,3,1182,1564,251.08116135739212,3197.095641197,1982,2038,150.95574366971115,138.48568104749882,100.125417687681,3058.609960149501,RSPO,TopFLASH,Position 2_RSPO_TOPFLASH_max_background_corrected.csv,2,Control,0.75
231,4,1182,1560,249.8428999282196,3015.3236306032027,1982,2038,151.11252196727804,138.45484022672707,98.73037796094157,2876.868790376476,RSPO,TopFLASH,Position 2_RSPO_TOPFLASH_max_background_corrected.csv,2,Control,1.0
232,5,1182,1560,249.13024430088365,2986.3195712977404,1905,1752,147.3165268186431,132.05831538823296,101.81371748224056,2854.261255909508,RSPO,TopFLASH,Position 2_RSPO_TOPFLASH_max_background_corrected.csv,2,Control,1.25
233,6,1178,1534,247.72748199302,2887.0651964060294,1935,1816,148.41994010049257,133.03787034974383,99.3075418925274,2754.0273260562853,RSPO,TopFLASH,Position 2_RSPO_TOPFLASH_max_background_corrected.csv,2,Control,1.5
234,7,1182,1543,246.24358307962677,2801.856117422836,1926,1867,148.66362218756962,133.81067300314348,97.57996089205712,2668.045444419693,RSPO,TopFLASH,Position 2_RSPO_TOPFLASH_max_background_corrected.csv,2,Control,1.75
235,8,1200,1573,247.17729759164376,2878.6091928417613,1901,1842,147.98363901883616,132.95636246627558,99.1936585728076,2745.652830375486,RSPO,TopFLASH,Position 2_RSPO_TOPFLASH_max_background_corrected.csv,2,Control,2.0
236,9,1195,1577,246.23056359991088,2825.448503749907,1892,1842,147.90470532907602,132.7246850325487,98.32585827083486,2692.7238187173584,RSPO,TopFLASH,Position 2_RSPO_TOPFLASH_max_background_corrected.csv,2,Control,2.25
237,10,1165,1547,244.74000643548428,2740.830103215267,1892,1842,147.73292740278706,132.7744362763298,97.00707903269722,2608.055666938937,RSPO,TopFLASH,Position 2_RSPO_TOPFLASH_max_background_corrected.csv,2,Control,2.5
238,11,1140,1538,244.03861290562116,2644.009479963367,1888,1842,147.87171109626,132.8485433528873,96.16690180936116,2511.16093661048,RSPO,TopFLASH,Position 2_RSPO_TOPFLASH_max_background_corrected.csv,2,Control,2.75
239,12,1140,1538,243.6007029528972,2542.786688448305,1896,1867,148.26672607113684,133.19497042152423,95.33397688176036,2409.591718026781,RSPO,TopFLASH,Position 2_RSPO_TOPFLASH_max_background_corrected.csv,2,Control,3.0
240,13,1140,1538,244.1312838791119,2488.842182124205,1935,1932,149.42550926957253,135.41555902081632,94.70577460953936,2353.426623103389,RSPO,TopFLASH,Position 2_RSPO_TOPFLASH_max_background_corrected.csv,2,Control,3.25
241,14,1170,1594,245.1708126036484,2560.786836959481,1931,1902,149.1242048464147,134.84807306749832,96.04660775723372,2425.938763891983,RSPO,TopFLASH,Position 2_RSPO_TOPFLASH_max_background_corrected.csv,2,Control,3.5
242,15,1110,1607,242.25073636791168,2452.9879953466498,1926,1889,148.92727902774683,134.70567560208906,93.32345734016484,2318.2823197445605,RSPO,TopFLASH,Position 2_RSPO_TOPFLASH_max_background_corrected.csv,2,Control,3.75
243,16,1110,1620,242.3163040518799,2511.051582881612,1922,1889,148.8146333011559,134.7061706393406,93.501670750724,2376.345412242272,RSPO,TopFLASH,Position 2_RSPO_TOPFLASH_max_background_corrected.csv,2,Control,4.0
244,17,1101,1607,244.2402663300413,2488.150887354273,1956,1902,149.3854360040593,135.70936362961314,94.85483032598202,2352.4415237246603,RSPO,TopFLASH,Position 2_RSPO_TOPFLASH_max_background_corrected.csv,2,Control,4.25
245,18,1114,1628,243.8980718299052,2418.797084230589,1973,1897,149.56817900547017,136.08551768520582,94.32989282443503,2282.7115665453825,RSPO,TopFLASH,Position 2_RSPO_TOPFLASH_max_background_corrected.csv,2,Control,4.5
246,19,1140,1624,245.8872305140962,2389.069404222668,1982,1897,149.55963961288086,136.29011658127274,96.32759090121532,2252.779287641395,RSPO,TopFLASH,Position 2_RSPO_TOPFLASH_max_background_corrected.csv,2,Control,4.75
247,20,1123,1692,241.5118190143808,2393.59929209673,1973,1910,149.3855350115096,136.23140516323852,92.12628400287122,2257.367886933492,RSPO,TopFLASH,Position 2_RSPO_TOPFLASH_max_background_corrected.csv,2,Control,5.0
248,21,1088,1649,244.3969703720205,2368.362713794213,1943,1880,148.5969406697854,135.2402168263162,95.8000297022351,2233.122496967897,RSPO,TopFLASH,Position 2_RSPO_TOPFLASH_max_background_corrected.csv,2,Control,5.25
249,22,1101,1667,244.1659612385832,2379.5176357020864,1935,1838,147.85604316724834,134.5283532585827,96.30991807133486,2244.989282443504,RSPO,TopFLASH,Position 2_RSPO_TOPFLASH_max_background_corrected.csv,2,Control,5.5
250,23,1106,1692,243.55503576644145,2460.47877527784,1965,1812,148.14210044305835,134.6513205118685,95.41293532338308,2325.827454765971,RSPO,TopFLASH,Position 2_RSPO_TOPFLASH_max_background_corrected.csv,2,Control,5.75
251,24,1131,1701,242.6756020890572,2344.6034504096438,1939,1816,147.6434741714314,134.4353110071533,95.0321279176258,2210.16813940249,RSPO,TopFLASH,Position 2_RSPO_TOPFLASH_max_background_corrected.csv,2,Control,6.0
252,25,1110,1739,240.2631122992005,2359.83262790525,1926,1799,147.14692705626098,133.9984653845202,93.11618524293954,2225.834162520729,RSPO,TopFLASH,Position 2_RSPO_TOPFLASH_max_background_corrected.csv,2,Control,6.25
253,26,1127,1765,237.53436796118908,2299.7456746120147,1888,1782,145.70134402613797,132.86740427217148,91.8330239350511,2166.8782703398438,RSPO,TopFLASH,Position 2_RSPO_TOPFLASH_max_background_corrected.csv,2,Control,6.5
254,27,1127,1786,234.8127521596,2232.087819608425,1879,1773,145.3994208064157,132.60718794089254,89.41333135318433,2099.480631667533,RSPO,TopFLASH,Position 2_RSPO_TOPFLASH_max_background_corrected.csv,2,Control,6.75
255,28,1127,1786,233.10165589960644,2138.222345981535,1922,1820,146.4512264547907,133.9633424915225,86.65042944481573,2004.2590034900124,RSPO,TopFLASH,Position 2_RSPO_TOPFLASH_max_background_corrected.csv,2,Control,7.0
256,29,1097,1731,237.0488849285909,2177.4636518898046,1931,1838,146.89378975767926,134.47258731219523,90.1550951709116,2042.9910645776092,RSPO,TopFLASH,Position 2_RSPO_TOPFLASH_max_background_corrected.csv,2,Control,7.25
257,30,1084,1739,235.452266033019,2166.5145912229896,1926,1842,146.5251602683102,134.52612559095073,88.92710576470878,2031.988465632039,RSPO,TopFLASH,Position 2_RSPO_TOPFLASH_max_background_corrected.csv,2,Control,7.5
258,31,1093,1756,233.45018687656247,2129.1818766862207,1990,1872,147.6307269622039,136.08700279696046,85.81945991435856,1993.0948738892605,RSPO,TopFLASH,Position 2_RSPO_TOPFLASH_max_background_corrected.csv,2,Control,7.75
259,32,1101,1714,234.72973441251452,2028.5070171530408,1982,1867,147.53008588896316,136.14628350783397,87.19964852355139,1892.360733645207,RSPO,TopFLASH,Position 2_RSPO_TOPFLASH_max_background_corrected.csv,2,Control,8.0
260,33,1118,1684,236.73644216727308,1963.14806564194,2003,1876,147.16061483626643,136.40954431820995,89.57582733100665,1826.7385213237296,RSPO,TopFLASH,Position 2_RSPO_TOPFLASH_max_background_corrected.csv,2,Control,8.25
261,34,1114,1667,236.1420509393332,1884.608178015396,1939,1940,147.3441003935546,136.44521175218435,88.79795054577858,1748.1629662632113,RSPO,TopFLASH,Position 2_RSPO_TOPFLASH_max_background_corrected.csv,2,Control,8.5
262,35,1123,1667,235.5922625677582,1867.978515383283,1973,1902,147.43016261973713,136.56290685874112,88.16209994802108,1731.4156085245415,RSPO,TopFLASH,Position 2_RSPO_TOPFLASH_max_background_corrected.csv,2,Control,8.75
263,36,1118,1667,234.64837504022177,1828.720972253162,1973,1902,147.51132397712928,137.0652706616173,87.13705106309249,1691.6557015915448,RSPO,TopFLASH,Position 2_RSPO_TOPFLASH_max_background_corrected.csv,2,Control,9.0
264,37,1110,1667,231.9071310116086,1747.6738447068142,1973,1902,147.167966139452,136.66654290735377,84.7391648721566,1611.0073017994605,RSPO,TopFLASH,Position 2_RSPO_TOPFLASH_max_background_corrected.csv,2,Control,9.25
265,38,1101,1667,230.04858790623996,1711.4255340214352,1952,2000,147.95725353332838,137.86398851513576,82.09133437291155,1573.5615455062994,RSPO,TopFLASH,Position 2_RSPO_TOPFLASH_max_background_corrected.csv,2,Control,9.5
266,39,1101,1671,228.57560456424343,1675.0703942971709,1901,1953,146.55090220539097,135.5422143016262,82.0247023588525,1539.5281799955446,RSPO,TopFLASH,Position 2_RSPO_TOPFLASH_max_background_corrected.csv,2,Control,9.75
267,40,1101,1671,227.42008861166804,1631.9594316972352,1854,2030,145.76663943961782,134.1953416994629,81.65344917205022,1497.7640899977723,RSPO,TopFLASH,Position 2_RSPO_TOPFLASH_max_background_corrected.csv,2,Control,10.0
268,41,1097,1671,226.0802702903393,1633.2577163931585,1888,1991,146.3993960545531,135.49897279770303,79.68087423578623,1497.7587435954554,RSPO,TopFLASH,Position 2_RSPO_TOPFLASH_max_background_corrected.csv,2,Control,10.25
269,42,1097,1671,224.6232023959803,1592.1143783569714,1849,1996,145.41283631593276,134.15313977376798,79.21036608004752,1457.961238583203,RSPO,TopFLASH,Position 2_RSPO_TOPFLASH_max_background_corrected.csv,2,Control,10.5
270,43,1097,1671,222.99146060741072,1526.2938046087968,1849,1979,145.44971659117348,134.16511967525557,77.54174401623723,1392.1286849335413,RSPO,TopFLASH,Position 2_RSPO_TOPFLASH_max_background_corrected.csv,2,Control,10.75
271,44,1097,1671,221.116333754115,1513.131407638425,1931,1944,147.16702556867403,136.73918962401922,73.94930818544097,1376.3922180144057,RSPO,TopFLASH,Position 2_RSPO_TOPFLASH_max_background_corrected.csv,2,Control,11.0
272,45,1097,1671,219.08192866513204,1525.2558600034652,1943,1940,146.72371970990818,137.06007277047598,72.35820895522386,1388.1957872329892,RSPO,TopFLASH,Position 2_RSPO_TOPFLASH_max_background_corrected.csv,2,Control,11.25
273,46,1097,1671,217.54483799905944,1498.0689586891413,2055,2004,147.8653993713027,139.3520704933046,69.67943862775675,1358.7168881958366,RSPO,TopFLASH,Position 2_RSPO_TOPFLASH_max_background_corrected.csv,2,Control,11.5
274,47,1110,1714,218.02232618004504,1503.5043439518824,2055,2004,147.6077819855944,139.05655800598996,70.41454419445063,1364.4477859458923,RSPO,TopFLASH,Position 2_RSPO_TOPFLASH_max_background_corrected.csv,2,Control,11.75
275,48,1118,1761,215.05103834063516,1489.3607088933445,2055,2004,147.74901611346257,139.36845622633103,67.30202222717259,1349.9922526670132,RSPO,TopFLASH,Position 2_RSPO_TOPFLASH_max_background_corrected.csv,2,Control,12.0
276,49,1114,1769,213.4126135491696,1460.1072993242742,1832,2026,144.09111160614836,133.59285661246008,69.32150194302122,1326.514442711814,RSPO,TopFLASH,Position 2_RSPO_TOPFLASH_max_background_corrected.csv,2,Control,12.25
277,50,1101,1769,211.51167050320535,1432.1163832578402,1742,1979,141.1739560901958,130.849558179253,70.33771441300959,1301.266825078587,RSPO,TopFLASH,Position 2_RSPO_TOPFLASH_max_background_corrected.csv,2,Control,12.5
278,51,1101,1773,209.60897007499813,1372.8810425484517,1973,1855,145.66191430905175,136.0069800252469,63.9470557659464,1236.8740625232049,RSPO,TopFLASH,Position 2_RSPO_TOPFLASH_max_background_corrected.csv,2,Control,12.75
279,52,1101,1773,207.8744833048687,1353.0650973985792,1888,1910,144.431226949828,134.93279869310166,63.44325635504072,1218.1322987054775,RSPO,TopFLASH,Position 2_RSPO_TOPFLASH_max_background_corrected.csv,2,Control,13.0
280,53,1101,1778,206.99356451572984,1332.8217618375784,1879,1906,144.18596074354596,134.77602039553477,62.80760377218385,1198.0457414420437,RSPO,TopFLASH,Position 2_RSPO_TOPFLASH_max_background_corrected.csv,2,Control,13.25
281,54,1101,1778,205.7562436573352,1323.7176059998517,1956,1902,145.35843172198707,136.74423900398506,60.39781193534813,1186.9733669958664,RSPO,TopFLASH,Position 2_RSPO_TOPFLASH_max_background_corrected.csv,2,Control,13.5
282,55,1097,1786,204.9689116606025,1269.5440954431822,1960,1859,144.97193138783695,135.5285760253459,59.99698027276551,1134.0155194178362,RSPO,TopFLASH,Position 2_RSPO_TOPFLASH_max_background_corrected.csv,2,Control,13.75
283,56,1093,1782,203.68532957105023,1227.8996559491102,1901,1902,144.51266057770846,135.0397514912997,59.17266899334177,1092.8599044578104,RSPO,TopFLASH,Position 2_RSPO_TOPFLASH_max_background_corrected.csv,2,Control,14.0
284,57,1093,1782,203.1221751936833,1211.3953367490903,1931,1897,145.07965149377492,136.089081953417,58.0425236999084,1075.306254795673,RSPO,TopFLASH,Position 2_RSPO_TOPFLASH_max_background_corrected.csv,2,Control,14.25
285,58,1093,1782,201.92928392861563,1193.4108809187892,1913,1897,144.521596000099,135.43602881116803,57.40768792851662,1057.9748521076212,RSPO,TopFLASH,Position 2_RSPO_TOPFLASH_max_background_corrected.csv,2,Control,14.5
286,59,1084,1752,201.45969159179228,1145.0087126556273,2029,1850,145.23766738447068,136.35612979876737,56.2220242073216,1008.65258285686,RSPO,TopFLASH,Position 2_RSPO_TOPFLASH_max_background_corrected.csv,2,Control,14.75
287,60,1101,1761,199.84302368753248,1101.251181901438,1995,1876,145.44102868740873,136.73270463602387,54.40199500012375,964.5184772654142,RSPO,TopFLASH,Position 2_RSPO_TOPFLASH_max_background_corrected.csv,2,Control,15.0
288,61,1106,1773,198.6744882552412,1079.144055840202,2033,1885,145.43360312863544,136.84507809212644,53.240885126605775,942.2989777480756,RSPO,TopFLASH,Position 2_RSPO_TOPFLASH_max_background_corrected.csv,2,Control,15.25
289,62,1106,1786,198.2632360585134,1073.6799089131457,1986,1910,145.51446746367665,137.31402688052276,52.74876859483675,936.365882032623,RSPO,TopFLASH,Position 2_RSPO_TOPFLASH_max_background_corrected.csv,2,Control,15.5
290,63,1106,1791,198.0683646444395,1064.7682978144103,1999,1893,145.43199425756788,136.94331823469716,52.63637038687162,927.8249795797134,RSPO,TopFLASH,Position 2_RSPO_TOPFLASH_max_background_corrected.csv,2,Control,15.75
291,64,1106,1791,197.3294967946338,1048.4728100789584,1999,1893,145.32014059057943,137.04074156580282,52.00935620405437,911.4320685131556,RSPO,TopFLASH,Position 2_RSPO_TOPFLASH_max_background_corrected.csv,2,Control,16.0
292,65,1106,1791,196.76062473701143,1029.972104650875,1978,1893,145.36739189624018,136.8617113437786,51.39323284077128,893.1103933070965,RSPO,TopFLASH,Position 2_RSPO_TOPFLASH_max_background_corrected.csv,2,Control,16.25
293,66,1106,1791,195.57760946511223,1028.4450137372835,2046,1902,145.60127224573648,137.13049181950942,49.97633721937578,891.3145219177743,RSPO,TopFLASH,Position 2_RSPO_TOPFLASH_max_background_corrected.csv,2,Control,16.5
294,67,1127,1773,193.93168485928567,998.067448825524,1952,1923,145.221999455459,136.6693151159625,48.709685403826654,861.3981337095616,RSPO,TopFLASH,Position 2_RSPO_TOPFLASH_max_background_corrected.csv,2,Control,16.75
295,68,1127,1773,192.52278408950272,954.4344446919632,1965,1974,145.799039627732,137.646370139353,46.723744461770735,816.7880745526102,RSPO,TopFLASH,Position 2_RSPO_TOPFLASH_max_background_corrected.csv,2,Control,17.0
296,69,1127,1773,191.849087893864,937.3017747085468,1926,2000,146.72428900274747,136.90200737605505,45.12479889111654,800.3997673324918,RSPO,TopFLASH,Position 2_RSPO_TOPFLASH_max_background_corrected.csv,2,Control,17.25
297,70,1127,1773,191.44662260835128,924.2090542313308,2033,1991,146.03242493997672,138.4677854508552,45.41419766837456,785.7412687804757,RSPO,TopFLASH,Position 2_RSPO_TOPFLASH_max_background_corrected.csv,2,Control,17.5
298,71,1127,1773,192.9738372812554,919.4687012697706,1986,1902,145.59924259300513,136.823593475409,47.37459468825028,782.6451077943616,RSPO,TopFLASH,Position 2_RSPO_TOPFLASH_max_background_corrected.csv,2,Control,17.75
299,72,1127,1773,192.32147719115864,897.8327764164253,2003,1936,146.46083017747085,138.09512140788596,45.86064701368778,759.7376550085394,RSPO,TopFLASH,Position 2_RSPO_TOPFLASH_max_background_corrected.csv,2,Control,18.0
300,73,1127,1773,193.12026930026485,890.5940694537264,1969,1991,147.37122843493972,138.90668547808224,45.74904086532513,751.6873839756443,RSPO,TopFLASH,Position 2_RSPO_TOPFLASH_max_background_corrected.csv,2,Control,18.25
301,74,1106,1778,194.58018365882032,877.8033464518205,2050,1936,147.7151555654563,138.5116952550679,46.865028093364,739.2916511967526,RSPO,TopFLASH,Position 2_RSPO_TOPFLASH_max_background_corrected.csv,2,Control,18.5
302,75,1097,1761,195.80141580653944,887.8748793346699,2016,1893,147.72948689388878,137.86879037647583,48.07192891265066,750.0060889581941,RSPO,TopFLASH,Position 2_RSPO_TOPFLASH_max_background_corrected.csv,2,Control,18.75
303,76,1080,1769,198.31103190515088,876.3241256404544,2012,1889,148.54493700650974,137.85537486695873,49.76609489864112,738.4687507734957,RSPO,TopFLASH,Position 2_RSPO_TOPFLASH_max_background_corrected.csv,2,Control,19.0
304,1,1405,1402,297.9526001831638,3343.461374718448,2029,1893,155.26902799435658,229.6777059973763,142.6835721888072,3113.783668721071,RSPO,TopFLASH,Position 3_RSPO_TOPFLASH_max_background_corrected.csv,3,Control,0.25
305,2,1460,1384,301.39365362243507,3094.5068686418654,2029,1893,154.80626717160467,231.09465112249697,146.5873864508304,2863.4122175193684,RSPO,TopFLASH,Position 3_RSPO_TOPFLASH_max_background_corrected.csv,3,Control,0.5
306,3,1465,1384,301.20464839979206,2989.388257716393,2029,1893,155.7388678498057,234.2943243979109,145.46578054998636,2755.0939333184824,RSPO,TopFLASH,Position 3_RSPO_TOPFLASH_max_background_corrected.csv,3,Control,0.75
307,4,1422,1402,296.0880918789139,2996.97772332368,2029,1893,155.72772951164575,233.62612311576447,140.36036236726812,2763.3516002079155,RSPO,TopFLASH,Position 3_RSPO_TOPFLASH_max_background_corrected.csv,3,Control,1.0
308,5,1422,1397,295.0694537263929,2788.376426326081,2029,1893,155.9620058909433,234.08413158090147,139.10744783544962,2554.29229474518,RSPO,TopFLASH,Position 3_RSPO_TOPFLASH_max_background_corrected.csv,3,Control,1.25
309,6,1422,1397,293.2193757580258,2733.8117373332343,2037,1893,156.19182693497686,233.2943986534987,137.02754882304896,2500.5173386797355,RSPO,TopFLASH,Position 3_RSPO_TOPFLASH_max_background_corrected.csv,3,Control,1.5
310,7,1486,1457,294.6376079800005,2945.091260117324,2042,1893,155.93537288680974,232.75025370659145,138.70223509319075,2712.3410064107325,RSPO,TopFLASH,Position 3_RSPO_TOPFLASH_max_background_corrected.csv,3,Control,1.75
311,8,1452,1423,290.92846711715055,2776.443231603178,2046,1893,155.59434172421476,229.1139080715824,135.3341253929358,2547.3293235315955,RSPO,TopFLASH,Position 3_RSPO_TOPFLASH_max_background_corrected.csv,3,Control,2.0
312,9,1448,1406,286.13378381723226,2657.9038142620234,2055,1893,155.30860622261827,224.1852429395312,130.825177594614,2433.718571322492,RSPO,TopFLASH,Position 3_RSPO_TOPFLASH_max_background_corrected.csv,3,Control,2.25
313,10,1456,1410,283.3687780005445,2585.335833271454,2059,1889,154.7957971337343,218.70626964679093,128.5729808668102,2366.6295636246628,RSPO,TopFLASH,Position 3_RSPO_TOPFLASH_max_background_corrected.csv,3,Control,2.5
314,11,1477,1406,283.3555357540655,2583.7529516596123,2063,1889,154.90262617261948,216.33588277517885,128.45290958144602,2367.4170688844333,RSPO,TopFLASH,Position 3_RSPO_TOPFLASH_max_background_corrected.csv,3,Control,2.75
315,12,1456,1423,283.1636593153635,2548.3571198732707,2063,1889,154.76735724363257,213.0414593698176,128.3963020717309,2335.3156605034533,RSPO,TopFLASH,Position 3_RSPO_TOPFLASH_max_background_corrected.csv,3,Control,3.0
316,13,1486,1487,286.0636122868246,2709.54023415262,2063,1889,154.3824410286874,210.4173906586471,131.6811712581372,2499.122843493973,RSPO,TopFLASH,Position 3_RSPO_TOPFLASH_max_background_corrected.csv,3,Control,3.25
317,14,1499,1504,286.6169401747481,2617.581594514987,2063,1889,153.8980965817678,208.18054008564144,132.71884359298036,2409.401054429345,RSPO,TopFLASH,Position 3_RSPO_TOPFLASH_max_background_corrected.csv,3,Control,3.5
318,15,1482,1487,287.2466275587238,2553.1378678745577,2063,1885,153.89101754907057,204.24390485384023,133.35561000965322,2348.8939630207174,RSPO,TopFLASH,Position 3_RSPO_TOPFLASH_max_background_corrected.csv,3,Control,3.75
319,16,1516,1491,292.60552956609985,2605.839187148833,2063,1880,153.88383950892305,201.77394123907823,138.7216900571768,2404.0652459097546,RSPO,TopFLASH,Position 3_RSPO_TOPFLASH_max_background_corrected.csv,3,Control,4.0
320,17,1465,1504,288.8137174822405,2606.4070443800897,1931,1987,152.4359793074429,182.3425657780748,136.37773817479763,2424.064478602015,RSPO,TopFLASH,Position 3_RSPO_TOPFLASH_max_background_corrected.csv,3,Control,4.25
321,18,1465,1521,288.4241726689933,2573.858345090468,2003,1996,154.03683077151555,195.7759956436722,134.38734189747777,2378.082349446796,RSPO,TopFLASH,Position 3_RSPO_TOPFLASH_max_background_corrected.csv,3,Control,4.5
322,19,1520,1517,292.4736516422861,2540.905200366328,2025,1962,154.06455285760254,195.0000990074503,138.40909878468355,2345.9051013588773,RSPO,TopFLASH,Position 3_RSPO_TOPFLASH_max_background_corrected.csv,3,Control,4.75
323,20,1554,1543,294.75861983614266,2470.354694190738,2029,1944,153.5098636172372,192.4541471745749,141.24875621890547,2277.9005470161637,RSPO,TopFLASH,Position 3_RSPO_TOPFLASH_max_background_corrected.csv,3,Control,5.0
324,21,1495,1491,291.7259226256776,2510.9240117818867,1978,1987,152.84948392366525,178.25177594613996,138.87643870201234,2332.672235835747,RSPO,TopFLASH,Position 3_RSPO_TOPFLASH_max_background_corrected.csv,3,Control,5.25
325,22,1469,1547,292.2024207321601,2515.830523996931,1982,1996,152.6052572956115,174.0288111680404,139.59716343654858,2341.8017128288907,RSPO,TopFLASH,Position 3_RSPO_TOPFLASH_max_background_corrected.csv,3,Control,5.5
326,23,1495,1521,291.8111185366699,2451.753223930101,1982,2021,152.28548798297072,165.37241652434346,139.52563055369916,2286.3808074057574,RSPO,TopFLASH,Position 3_RSPO_TOPFLASH_max_background_corrected.csv,3,Control,5.75
327,24,1499,1530,291.0009900745031,2432.843172198708,1995,2013,152.26717160466325,164.0786614192718,138.73381846983983,2268.7645107794365,RSPO,TopFLASH,Position 3_RSPO_TOPFLASH_max_background_corrected.csv,3,Control,6.0
328,25,1490,1521,287.27573574911514,2416.238286181035,1965,1991,151.18437662434098,157.57669364619687,136.09135912477416,2258.6615925348383,RSPO,TopFLASH,Position 3_RSPO_TOPFLASH_max_background_corrected.csv,3,Control,6.25
329,26,1477,1543,286.8188658696567,2451.323878121829,1999,1996,150.7687680997995,157.06076582262816,136.0500977698572,2294.2631122992007,RSPO,TopFLASH,Position 3_RSPO_TOPFLASH_max_background_corrected.csv,3,Control,6.5
330,27,1542,1547,286.6865424123165,2346.40800970273,2012,2009,150.68847305759758,153.5342442018762,135.99806935471892,2192.8737655008536,RSPO,TopFLASH,Position 3_RSPO_TOPFLASH_max_background_corrected.csv,3,Control,6.75
331,28,1495,1500,281.28613153139776,2331.0402217766887,1995,1996,150.12306626073612,149.11234870424,131.16306527066163,2181.9278730724486,RSPO,TopFLASH,Position 3_RSPO_TOPFLASH_max_background_corrected.csv,3,Control,7.0
332,29,1524,1513,281.9350758644588,2363.055270909136,1982,1966,150.0736862948937,145.08324051384866,131.8613895695651,2217.972030395287,RSPO,TopFLASH,Position 3_RSPO_TOPFLASH_max_background_corrected.csv,3,Control,7.25
333,30,1546,1530,283.2392267518131,2351.7881983119228,1952,2073,149.43253879854458,140.0018811415559,133.8066879532685,2211.786317170367,RSPO,TopFLASH,Position 3_RSPO_TOPFLASH_max_background_corrected.csv,3,Control,7.5
334,31,1550,1551,284.57795599118833,2332.559045568179,1986,2017,150.210514591223,139.77213435311006,134.36744139996534,2192.786911215069,RSPO,TopFLASH,Position 3_RSPO_TOPFLASH_max_background_corrected.csv,3,Control,7.75
335,32,1571,1547,284.8023316254548,2396.717234721913,1986,2017,149.7489171060122,139.75310017078786,135.0534145194426,2256.964134551125,RSPO,TopFLASH,Position 3_RSPO_TOPFLASH_max_background_corrected.csv,3,Control,8.0
336,33,1601,1547,285.40744040989085,2270.927328531472,1995,2021,149.20066334991708,140.06871117051557,136.20677705997377,2130.8586173609565,RSPO,TopFLASH,Position 3_RSPO_TOPFLASH_max_background_corrected.csv,3,Control,8.25
337,34,1584,1590,283.2968738397564,2342.780574738249,1995,2021,149.3389025024133,139.94967946337962,133.9579713373431,2202.8308952748694,RSPO,TopFLASH,Position 3_RSPO_TOPFLASH_max_background_corrected.csv,3,Control,8.5
338,35,1627,1598,283.7316898096582,2276.1948219103488,2037,2038,149.6265191455657,140.23145466696369,134.10517066409247,2135.963367243385,RSPO,TopFLASH,Position 3_RSPO_TOPFLASH_max_background_corrected.csv,3,Control,8.75
339,36,1597,1585,285.40932155144674,2460.5481052449195,2050,2021,149.6137719363382,139.98512413059083,135.79554961510854,2320.5629811143285,RSPO,TopFLASH,Position 3_RSPO_TOPFLASH_max_background_corrected.csv,3,Control,9.0
340,37,1563,1573,284.6002574193708,2574.1299472785327,2046,2017,149.48053266008267,140.0537362936561,135.11972475928812,2434.0762109848765,RSPO,TopFLASH,Position 3_RSPO_TOPFLASH_max_background_corrected.csv,3,Control,9.25
341,38,1550,1538,283.39249028489394,2550.7901537090665,2033,2056,149.61983614266973,140.2427662681617,133.7726541422242,2410.547387440905,RSPO,TopFLASH,Position 3_RSPO_TOPFLASH_max_background_corrected.csv,3,Control,9.5
342,39,1529,1555,280.4602113809064,2541.087077052548,1854,2034,146.75839706937947,136.83960793049678,133.70181431152693,2404.247469122052,RSPO,TopFLASH,Position 3_RSPO_TOPFLASH_max_background_corrected.csv,3,Control,9.75
343,40,1563,1590,278.87356748595334,2459.471374470929,1922,2094,148.5378827256751,138.59124774139255,130.33568476027824,2320.880126729536,RSPO,TopFLASH,Position 3_RSPO_TOPFLASH_max_background_corrected.csv,3,Control,10.0
344,41,1563,1590,277.894977847083,2506.4163263285564,1922,2085,148.38036187223088,138.66050345288485,129.51461597485212,2367.755822875672,RSPO,TopFLASH,Position 3_RSPO_TOPFLASH_max_background_corrected.csv,3,Control,10.25
345,42,1576,1585,277.68552758595087,2430.01277196109,1973,2047,149.36219400509887,140.36682260340092,128.323333580852,2289.645949357689,RSPO,TopFLASH,Position 3_RSPO_TOPFLASH_max_background_corrected.csv,3,Control,10.5
346,43,1593,1590,276.5240959382194,2380.1878666369644,2025,2034,149.80713348679487,140.63708819088637,126.71696245142452,2239.550778446078,RSPO,TopFLASH,Position 3_RSPO_TOPFLASH_max_background_corrected.csv,3,Control,10.75
347,44,1571,1585,273.5819162892008,2413.7251058142124,2059,1987,149.23991980396525,140.37187198336676,124.34199648523553,2273.353233830845,RSPO,TopFLASH,Position 3_RSPO_TOPFLASH_max_background_corrected.csv,3,Control,11.0
348,45,1571,1620,269.3516744635034,2306.0138115393183,2076,2047,148.41172248211677,139.86356773347194,120.93995198138664,2166.1502438058465,RSPO,TopFLASH,Position 3_RSPO_TOPFLASH_max_background_corrected.csv,3,Control,11.25
349,46,1563,1577,271.8819336155046,2451.347169624514,2042,1974,148.9091359124774,140.34375386747854,122.97279770302715,2311.003415757036,RSPO,TopFLASH,Position 3_RSPO_TOPFLASH_max_background_corrected.csv,3,Control,11.5
350,47,1567,1530,271.0744536026336,2397.522883096953,2072,2068,148.51877428776515,140.28120591074477,122.55567931486844,2257.241677186209,RSPO,TopFLASH,Position 3_RSPO_TOPFLASH_max_background_corrected.csv,3,Control,11.75
351,48,1601,1560,268.3000173263038,2322.835449617584,2050,2030,148.5859755946635,140.7518378257964,119.71404173164032,2182.0836117917875,RSPO,TopFLASH,Position 3_RSPO_TOPFLASH_max_background_corrected.csv,3,Control,12.0
352,49,1601,1560,266.3725650355189,2275.824831068538,2050,2030,148.7878517858469,140.64597410955173,117.584713249672,2135.178856958986,RSPO,TopFLASH,Position 3_RSPO_TOPFLASH_max_background_corrected.csv,3,Control,12.25
353,50,1601,1590,264.4096433256603,2219.087324571174,2020,2068,148.86723100913343,140.83515259523278,115.54241231652684,2078.2521719759416,RSPO,TopFLASH,Position 3_RSPO_TOPFLASH_max_background_corrected.csv,3,Control,12.5
354,51,1606,1568,263.8691864062771,2251.7428528996807,2020,2068,148.4687755253583,140.4480334645182,115.4004108809188,2111.2948194351625,RSPO,TopFLASH,Position 3_RSPO_TOPFLASH_max_background_corrected.csv,3,Control,12.75
355,52,1606,1568,262.7188188411178,2257.669240860375,2016,2068,147.80344545927082,140.51820499492587,114.915373381847,2117.151035865449,RSPO,TopFLASH,Position 3_RSPO_TOPFLASH_max_background_corrected.csv,3,Control,13.0
356,53,1606,1568,261.1203683077152,2162.740773743224,2153,1979,146.8894334298656,139.1331897725304,114.2309348778496,2023.6075839706937,RSPO,TopFLASH,Position 3_RSPO_TOPFLASH_max_background_corrected.csv,3,Control,13.25
357,54,1653,1632,253.4851612583847,2010.2182124204849,2106,2009,147.52134848147324,139.85678572312565,105.96381277691144,1870.361426697359,RSPO,TopFLASH,Position 3_RSPO_TOPFLASH_max_background_corrected.csv,3,Control,13.5
358,55,1559,1577,255.34689735402588,2262.784733051162,2106,2009,147.00594044701865,139.2635330808643,108.34095690700724,2123.521199970298,RSPO,TopFLASH,Position 3_RSPO_TOPFLASH_max_background_corrected.csv,3,Control,13.75
359,56,1584,1581,255.32578401524717,2233.255439221801,2114,1991,146.96480285141456,139.67532981856883,108.36098116383258,2093.580109403232,RSPO,TopFLASH,Position 3_RSPO_TOPFLASH_max_background_corrected.csv,3,Control,14.0
360,57,1601,1602,253.55624860770772,2129.797232741764,2110,1991,147.0261627187446,139.76993143734066,106.53008588896316,1990.0273013044232,RSPO,TopFLASH,Position 3_RSPO_TOPFLASH_max_background_corrected.csv,3,Control,14.25
361,58,1614,1602,253.9762877156506,2153.264127125566,2110,1991,147.0808890869038,139.86443404866216,106.89539862874682,2013.399693076904,RSPO,TopFLASH,Position 3_RSPO_TOPFLASH_max_background_corrected.csv,3,Control,14.5
362,59,1618,1607,252.0327962179154,2101.596544639984,2093,1987,147.44253855102596,140.00202965273138,104.59025766688944,1961.5945149872528,RSPO,TopFLASH,Position 3_RSPO_TOPFLASH_max_background_corrected.csv,3,Control,14.75
363,60,1584,1607,250.39709413133335,2120.6433999158435,2097,1983,147.25586000346527,140.1773965990941,103.1412341278681,1980.4660033167493,RSPO,TopFLASH,Position 3_RSPO_TOPFLASH_max_background_corrected.csv,3,Control,15.0
364,61,1584,1611,249.0977203534566,2035.8153016014453,2123,2030,146.65119675255562,139.39914853592734,102.44652360090096,1896.4161530655183,RSPO,TopFLASH,Position 3_RSPO_TOPFLASH_max_background_corrected.csv,3,Control,15.25
365,62,1563,1598,245.63587534962005,1918.6340189599268,2114,2073,146.74077374322417,139.92804633548675,98.89510160639588,1778.7059726244402,RSPO,TopFLASH,Position 3_RSPO_TOPFLASH_max_background_corrected.csv,3,Control,15.5
366,63,1593,1649,240.72228410187867,1937.588896314448,2114,2038,146.5374371921487,139.5141456894631,94.18484690972996,1798.0747506249843,RSPO,TopFLASH,Position 3_RSPO_TOPFLASH_max_background_corrected.csv,3,Control,15.75
367,64,1589,1607,244.24303853865004,1997.5526348357716,2114,2038,147.04994925868172,140.04180589589367,97.19308927996832,1857.5108289398777,RSPO,TopFLASH,Position 3_RSPO_TOPFLASH_max_background_corrected.csv,3,Control,16.0
368,65,1601,1585,247.13633325907776,2039.404445434519,2119,2030,146.31739313383332,139.52926907749807,100.81894012524444,1899.8751763570208,RSPO,TopFLASH,Position 3_RSPO_TOPFLASH_max_background_corrected.csv,3,Control,16.25
369,66,1597,1602,244.50209153238785,1995.82792505136,2119,2030,147.06784485532538,139.40088116630776,97.43424667706245,1856.4270438850524,RSPO,TopFLASH,Position 3_RSPO_TOPFLASH_max_background_corrected.csv,3,Control,16.5
370,67,1597,1598,244.40924729585905,2011.964134551125,2119,2030,146.6031286354298,139.70837355511003,97.8061186604292,1872.255760996015,RSPO,TopFLASH,Position 3_RSPO_TOPFLASH_max_background_corrected.csv,3,Control,16.75
371,68,1627,1615,243.9183436053563,1923.1442786069647,2119,2030,146.26620628202272,139.3779114378357,97.6521373233336,1783.7663671691294,RSPO,TopFLASH,Position 3_RSPO_TOPFLASH_max_background_corrected.csv,3,Control,17.0
372,69,1627,1560,246.3220712358605,2111.3735303581598,2119,2030,146.41070765575108,139.72171480903938,99.91136358010942,1971.65181554912,RSPO,TopFLASH,Position 3_RSPO_TOPFLASH_max_background_corrected.csv,3,Control,17.25
373,70,1644,1598,244.5165961238583,2054.200242568253,2119,2030,146.34152619984653,139.22331130417564,98.17506992401178,1914.9769312640772,RSPO,TopFLASH,Position 3_RSPO_TOPFLASH_max_background_corrected.csv,3,Control,17.5
374,71,1666,1611,243.7885695898616,1894.6834484294943,2119,2034,146.26576074849632,139.20001980149007,97.5228088413653,1755.4834286280045,RSPO,TopFLASH,Position 3_RSPO_TOPFLASH_max_background_corrected.csv,3,Control,17.75
375,72,1623,1594,243.507413182842,1935.9003490012624,2042,2077,147.99341600455435,140.68948788396327,95.51399717828768,1795.2108611172991,RSPO,TopFLASH,Position 3_RSPO_TOPFLASH_max_background_corrected.csv,3,Control,18.0
376,73,1678,1585,250.8388406227569,1993.0839088141383,2037,2077,148.65037994109056,141.09566594886266,102.1884606816663,1851.988242865276,RSPO,TopFLASH,Position 3_RSPO_TOPFLASH_max_background_corrected.csv,3,Control,18.25
377,74,1674,1573,255.19068834929828,1984.1353679364368,2037,2077,149.37476795128833,141.20591074478355,105.81592039800996,1842.9294571916537,RSPO,TopFLASH,Position 3_RSPO_TOPFLASH_max_background_corrected.csv,3,Control,18.5
378,75,1670,1611,256.5321155416945,1915.949258681716,2033,2077,149.78891611593772,141.23437538674784,106.7431994257568,1774.714883294968,RSPO,TopFLASH,Position 3_RSPO_TOPFLASH_max_background_corrected.csv,3,Control,18.75
379,76,1661,1615,260.3012796712953,1935.008564144452,2033,2077,150.6418157966387,141.7322095987723,109.65946387465658,1793.2763545456796,RSPO,TopFLASH,Position 3_RSPO_TOPFLASH_max_background_corrected.csv,3,Control,19.0
380,1,1601,1573,321.52243756342665,3482.0900472760577,2093,2085,148.29645305809262,140.30783891487835,173.22598450533405,3341.7822083611795,RSPO,TopFLASH,Position 4_RSPO_TOPFLASH_max_background_corrected.csv,4,Control,0.25
381,2,1589,1564,321.9072795227841,3278.8386426078564,2093,2081,147.58760921759364,139.87161208880968,174.31967030519047,3138.9670305190466,RSPO,TopFLASH,Position 4_RSPO_TOPFLASH_max_background_corrected.csv,4,Control,0.5
382,3,1606,1581,322.48733942229154,3218.4652607608723,2093,2081,148.1995247642385,140.41996485235515,174.28781465805304,3078.0452959085173,RSPO,TopFLASH,Position 4_RSPO_TOPFLASH_max_background_corrected.csv,4,Control,0.75
383,4,1606,1581,321.7048835424866,3111.287072102176,2093,2081,148.8391128932452,140.3163040518799,172.86577064924137,2970.970768050296,RSPO,TopFLASH,Position 4_RSPO_TOPFLASH_max_background_corrected.csv,4,Control,1.0
384,5,1606,1581,319.06586470631913,2992.8027029033933,2093,2081,148.86433504121186,140.9158189153734,170.20152966510727,2851.88688398802,RSPO,TopFLASH,Position 4_RSPO_TOPFLASH_max_background_corrected.csv,4,Control,1.25
385,6,1606,1581,317.46370139352985,3045.9877973317493,2093,2081,149.06960223756838,140.67089923516744,168.39409915596147,2905.316898096582,RSPO,TopFLASH,Position 4_RSPO_TOPFLASH_max_background_corrected.csv,4,Control,1.5
386,7,1627,1628,313.5901586594391,3085.336650082919,2093,2081,148.94794683299918,140.91428429989358,164.64221182643993,2944.4223657830253,RSPO,TopFLASH,Position 4_RSPO_TOPFLASH_max_background_corrected.csv,4,Control,1.75
387,8,1627,1628,312.1261849954209,2963.718323803866,2093,2081,149.30098264894434,140.62213806588946,162.82520234647654,2823.0961857379766,RSPO,TopFLASH,Position 4_RSPO_TOPFLASH_max_background_corrected.csv,4,Control,2.0
388,9,1627,1641,309.67411697730256,2841.968787901289,2093,2081,149.32608103759807,140.76027821093538,160.3480359397045,2701.2085096903543,RSPO,TopFLASH,Position 4_RSPO_TOPFLASH_max_background_corrected.csv,4,Control,2.25
389,10,1627,1641,307.6461473725898,2818.7017895596646,2093,2085,149.57320363357343,140.8582955867429,158.07294373901635,2677.843493972922,RSPO,TopFLASH,Position 4_RSPO_TOPFLASH_max_background_corrected.csv,4,Control,2.5
390,11,1623,1671,301.8555976337219,2780.450978936165,2089,2077,149.86720625727085,141.0750228954729,151.98839137645106,2639.375956040692,RSPO,TopFLASH,Position 4_RSPO_TOPFLASH_max_background_corrected.csv,4,Control,2.75
391,12,1674,1654,307.2708596321873,2795.6913937773816,2084,2073,149.94923392985322,141.26019157941636,157.32162570233407,2654.4312021979654,RSPO,TopFLASH,Position 4_RSPO_TOPFLASH_max_background_corrected.csv,4,Control,3.0
392,13,1678,1641,306.5257048092869,2807.63904358803,2084,2073,150.23009331452192,141.37241652434346,156.29561149476496,2666.2666270636864,RSPO,TopFLASH,Position 4_RSPO_TOPFLASH_max_background_corrected.csv,4,Control,3.25
393,14,1734,1679,306.0993292245241,2813.753718967352,2084,2073,150.28699784658795,141.42315784262766,155.81233137793618,2672.3305611247247,RSPO,TopFLASH,Position 4_RSPO_TOPFLASH_max_background_corrected.csv,4,Control,3.5
394,15,1734,1705,303.1999950496275,2794.956436721863,2084,2073,150.2549194326873,141.50931907626048,152.9450756169402,2653.4471176456027,RSPO,TopFLASH,Position 4_RSPO_TOPFLASH_max_background_corrected.csv,4,Control,3.75
395,16,1734,1705,302.45414717457487,2825.051929407688,2059,2047,151.0022029157694,142.76463453874905,151.45194425880547,2682.287294868939,RSPO,TopFLASH,Position 4_RSPO_TOPFLASH_max_background_corrected.csv,4,Control,4.0
396,17,1734,1705,303.3413529368085,2814.070790326972,2097,2094,150.36375337244127,141.97571842281133,152.97759956436724,2672.0950719041607,RSPO,TopFLASH,Position 4_RSPO_TOPFLASH_max_background_corrected.csv,4,Control,4.25
397,18,1734,1705,301.79153981337095,2727.5661246008763,2076,863,144.1148981460855,143.73297690651222,157.67664166728545,2583.833147694364,RSPO,TopFLASH,Position 4_RSPO_TOPFLASH_max_background_corrected.csv,4,Control,4.5
398,19,1734,1705,301.5305314224896,2815.2141283631595,2102,880,143.89336897601544,141.62300438107968,157.63716244647412,2673.59112398208,RSPO,TopFLASH,Position 4_RSPO_TOPFLASH_max_background_corrected.csv,4,Control,4.75
399,20,1742,1731,297.82433603128635,2710.436226826069,2076,850,143.4124897898567,139.19358431721986,154.41184624142966,2571.242642508849,RSPO,TopFLASH,Position 4_RSPO_TOPFLASH_max_background_corrected.csv,4,Control,5.0
400,21,1755,1735,297.8282468255736,2785.852949184426,2067,859,143.5578327269127,137.29994307071607,154.27041409866092,2648.55300611371,RSPO,TopFLASH,Position 4_RSPO_TOPFLASH_max_background_corrected.csv,4,Control,5.25
401,22,1751,1675,297.6729041360362,2780.0843790995277,2007,820,142.33754114997154,134.07279522784088,155.33536298606467,2646.0115838716865,RSPO,TopFLASH,Position 4_RSPO_TOPFLASH_max_background_corrected.csv,4,Control,5.5
402,23,1781,1684,301.1363085072152,2741.83329620554,2046,735,141.9442588054751,132.76743149922032,159.19204970174007,2609.065864706319,RSPO,TopFLASH,Position 4_RSPO_TOPFLASH_max_background_corrected.csv,4,Control,5.75
403,24,1777,1709,297.5144674636766,2679.711913071458,2093,713,142.30514096185738,131.90576965916685,155.20932650181925,2547.806143412292,RSPO,TopFLASH,Position 4_RSPO_TOPFLASH_max_background_corrected.csv,4,Control,6.0
404,25,1747,1684,290.0265835004084,2606.766812702656,2106,795,142.19645553327888,131.2914779337145,147.8301279671295,2475.4753347689416,RSPO,TopFLASH,Position 4_RSPO_TOPFLASH_max_background_corrected.csv,4,Control,6.25
405,26,1764,1697,289.49446795871387,2612.120789089379,2106,812,141.699759906933,130.2455137249078,147.79470805178087,2481.8752753644712,RSPO,TopFLASH,Position 4_RSPO_TOPFLASH_max_background_corrected.csv,4,Control,6.5
406,27,1777,1701,288.8875522883097,2619.55597633722,2106,812,141.60285636494146,129.71763075171407,147.28469592336822,2489.838345585505,RSPO,TopFLASH,Position 4_RSPO_TOPFLASH_max_background_corrected.csv,4,Control,6.75
407,28,1841,1791,287.7742630132918,2761.236776317418,2106,812,141.48407217643128,129.7452785822133,146.2901908368605,2631.4914977352046,RSPO,TopFLASH,Position 4_RSPO_TOPFLASH_max_background_corrected.csv,4,Control,7.0
408,29,1819,1782,286.6445385015222,2602.976931264078,2106,812,141.9493824410287,128.9148040890077,144.69515606049353,2474.06212717507,RSPO,TopFLASH,Position 4_RSPO_TOPFLASH_max_background_corrected.csv,4,Control,7.25
409,30,1811,1761,285.9897527288928,2578.382614291725,2106,773,141.09809163139525,128.652112571471,144.89166109749758,2449.7305017202543,RSPO,TopFLASH,Position 4_RSPO_TOPFLASH_max_background_corrected.csv,4,Control,7.5
410,31,1802,1752,282.6867899309423,2515.900398504988,2119,842,141.72555134773893,129.3518972302666,140.9612385832034,2386.548501274721,RSPO,TopFLASH,Position 4_RSPO_TOPFLASH_max_background_corrected.csv,4,Control,7.75
411,32,1807,1782,280.43667235959504,2462.3342986559737,2114,748,140.96203064280587,128.19029231949705,139.47464171678917,2334.1440063364767,RSPO,TopFLASH,Position 4_RSPO_TOPFLASH_max_background_corrected.csv,4,Control,8.0
412,33,1807,1786,278.1063092497711,2474.934531323482,2119,743,141.01089081953418,128.18605975099626,137.0954184302369,2346.748471572486,RSPO,TopFLASH,Position 4_RSPO_TOPFLASH_max_background_corrected.csv,4,Control,8.25
413,34,1794,1786,276.7725056310487,2438.676121878171,2089,790,140.2256874829831,127.66273112051682,136.54681814806565,2311.013390757654,RSPO,TopFLASH,Position 4_RSPO_TOPFLASH_max_background_corrected.csv,4,Control,8.5
414,35,1794,1786,275.12113561545505,2336.8199549516103,2106,816,141.00955421895495,128.83864260785623,134.11158139650007,2207.981312343754,RSPO,TopFLASH,Position 4_RSPO_TOPFLASH_max_background_corrected.csv,4,Control,8.75
415,36,1828,1833,276.73240761367293,2453.6533006608747,1973,816,140.25640454444198,128.44555827826045,136.47600306923096,2325.2077423826145,RSPO,TopFLASH,Position 4_RSPO_TOPFLASH_max_background_corrected.csv,4,Control,9.0
416,37,1802,1791,274.0182668745823,2333.403702878641,2020,816,139.90846761218782,128.22140541075717,134.1097992623945,2205.1822974678844,RSPO,TopFLASH,Position 4_RSPO_TOPFLASH_max_background_corrected.csv,4,Control,9.25
417,38,1888,1872,273.10187866636966,2378.347788421079,2025,807,140.4525878072325,127.89371550209154,132.64929085913715,2250.454072918987,RSPO,TopFLASH,Position 4_RSPO_TOPFLASH_max_background_corrected.csv,4,Control,9.5
418,39,1931,1803,277.22155392193264,2429.5743669711146,2102,842,140.61614811514568,128.01272245736493,136.60540580678696,2301.56164451375,RSPO,TopFLASH,Position 4_RSPO_TOPFLASH_max_background_corrected.csv,4,Control,9.75
419,40,1884,1795,279.0241578178758,2553.950521026707,2080,863,140.96475334768942,128.94168461176704,138.05940447018637,2425.00883641494,RSPO,TopFLASH,Position 4_RSPO_TOPFLASH_max_background_corrected.csv,4,Control,10.0
420,41,1854,1795,274.2344991460607,2551.561000965323,2059,910,140.82124204846414,129.51461597485212,133.41325709759658,2422.046384990471,RSPO,TopFLASH,Position 4_RSPO_TOPFLASH_max_background_corrected.csv,4,Control,10.25
421,42,1832,1816,270.7395113982327,2468.2449444320687,2059,910,141.06002326675082,129.09786886463206,129.6794881314819,2339.147075567437,RSPO,TopFLASH,Position 4_RSPO_TOPFLASH_max_background_corrected.csv,4,Control,10.5
422,43,1845,1820,272.03242493997675,2444.071384371674,2084,944,141.42360337615406,128.9853716492166,130.6088215638227,2315.0860127224573,RSPO,TopFLASH,Position 4_RSPO_TOPFLASH_max_background_corrected.csv,4,Control,10.75
423,44,1819,1825,265.58815375857034,2300.941065815203,2084,957,141.47842875176357,129.37229276503058,124.10972500680676,2171.568773050172,RSPO,TopFLASH,Position 4_RSPO_TOPFLASH_max_background_corrected.csv,4,Control,11.0
424,45,1849,1867,267.5723620702458,2289.140120294052,2072,884,140.1105665701344,128.68985916190192,127.46179550011138,2160.45026113215,RSPO,TopFLASH,Position 4_RSPO_TOPFLASH_max_background_corrected.csv,4,Control,11.25
425,46,1858,1850,267.25556298111434,2384.350090344298,2084,867,140.3822182619242,128.27902774683795,126.87334471919011,2256.07106259746,RSPO,TopFLASH,Position 4_RSPO_TOPFLASH_max_background_corrected.csv,4,Control,11.5
426,47,1849,1850,263.3063290512611,2301.1946486473107,2089,867,139.87465656790673,128.39226751813075,123.4316724833544,2172.80238112918,RSPO,TopFLASH,Position 4_RSPO_TOPFLASH_max_background_corrected.csv,4,Control,11.75
427,48,1862,1876,261.7052300685627,2303.309150763595,2119,833,140.1529170070048,128.03772183856836,121.5523130615579,2175.2714289250266,RSPO,TopFLASH,Position 4_RSPO_TOPFLASH_max_background_corrected.csv,4,Control,12.0
428,49,1858,1867,260.0894779832182,2353.05242444494,2140,872,140.4620925224623,128.51852676913938,119.6273854607559,2224.5338976758,RSPO,TopFLASH,Position 4_RSPO_TOPFLASH_max_background_corrected.csv,4,Control,12.25
429,50,1858,1867,258.1919754461523,2403.384742951908,2114,876,140.01128684933542,128.02534590727953,118.18068859681688,2275.359397044628,RSPO,TopFLASH,Position 4_RSPO_TOPFLASH_max_background_corrected.csv,4,Control,12.5
430,51,1862,1876,258.35135268928985,2286.692829385411,2127,880,140.07975050122522,128.13942724189997,118.27160218806463,2158.5534021435114,RSPO,TopFLASH,Position 4_RSPO_TOPFLASH_max_background_corrected.csv,4,Control,12.75
431,52,1862,1876,256.7742382614292,2277.518304002376,2097,944,140.30271527932476,128.83700898492611,116.4715229821044,2148.68129501745,RSPO,TopFLASH,Position 4_RSPO_TOPFLASH_max_background_corrected.csv,4,Control,13.0
432,53,1905,1872,259.3364520680181,2413.3377639167347,2093,944,139.73483329620555,127.85926090938344,119.60161877181255,2285.4785030073517,RSPO,TopFLASH,Position 4_RSPO_TOPFLASH_max_background_corrected.csv,4,Control,13.25
433,54,1884,1893,255.96019900497512,2297.7277542635084,2084,953,139.64614737258978,128.30803692977898,116.31405163238534,2169.4197173337293,RSPO,TopFLASH,Position 4_RSPO_TOPFLASH_max_background_corrected.csv,4,Control,13.5
434,55,1884,1893,255.2683844459296,2271.8063661790547,2080,948,139.54696665924112,128.31813568971066,115.72141778668843,2143.488230489344,RSPO,TopFLASH,Position 4_RSPO_TOPFLASH_max_background_corrected.csv,4,Control,13.75
435,56,1884,1893,254.82923690007672,2276.0557164426623,2080,948,139.41526199846538,128.57040667310216,115.41397490161134,2147.48530976956,RSPO,TopFLASH,Position 4_RSPO_TOPFLASH_max_background_corrected.csv,4,Control,14.0
436,57,1892,1893,255.48766119650503,2276.3730600727704,2080,948,139.6343902378654,128.6986708249796,115.85327095863964,2147.6743892477907,RSPO,TopFLASH,Position 4_RSPO_TOPFLASH_max_background_corrected.csv,4,Control,14.25
437,58,1905,1902,256.2346971609614,2360.466671617039,2080,948,139.75478329744314,128.62602410831414,116.47991386351823,2231.840647508725,RSPO,TopFLASH,Position 4_RSPO_TOPFLASH_max_background_corrected.csv,4,Control,14.5
438,59,1901,1902,255.58473800153465,2321.5650602707856,2080,948,139.73441251454173,128.7468379495557,115.85032548699289,2192.8182223212298,RSPO,TopFLASH,Position 4_RSPO_TOPFLASH_max_background_corrected.csv,4,Control,14.75
439,60,1901,1902,254.7460953936784,2266.9420063859807,2084,940,139.3127645355313,128.11049231454666,115.43333085814707,2138.831514071434,RSPO,TopFLASH,Position 4_RSPO_TOPFLASH_max_background_corrected.csv,4,Control,15.0
440,61,1901,1902,253.22019256949085,2237.5739709413133,2080,940,139.09012153164525,127.71364570183908,114.1300710378456,2109.860325239474,RSPO,TopFLASH,Position 4_RSPO_TOPFLASH_max_background_corrected.csv,4,Control,15.25
441,62,1905,1897,252.87176059998515,2246.087225563724,2084,919,139.04445434518948,127.9509170565085,113.82730625479569,2118.1363085072157,RSPO,TopFLASH,Position 4_RSPO_TOPFLASH_max_background_corrected.csv,4,Control,15.5
442,63,1905,1897,252.9314373406599,2218.686517660454,2080,931,138.5566198856464,127.82710823989504,114.3748174550135,2090.8594094205587,RSPO,TopFLASH,Position 4_RSPO_TOPFLASH_max_background_corrected.csv,4,Control,15.75
443,64,1905,1897,252.01344026137969,2175.920521769264,2080,931,139.54332813544218,128.41063340016336,112.47011212593748,2047.5098883691,RSPO,TopFLASH,Position 4_RSPO_TOPFLASH_max_background_corrected.csv,4,Control,16.0
444,65,1905,1897,250.41741541050965,2108.1888814633303,2080,931,138.8104502363803,127.7442885077102,111.60696517412936,1980.44459295562,RSPO,TopFLASH,Position 4_RSPO_TOPFLASH_max_background_corrected.csv,4,Control,16.25
445,66,1905,1897,249.60488601767284,2108.383752877404,2080,948,139.1677433726888,127.67119625751836,110.43714264498404,1980.7125566198852,RSPO,TopFLASH,Position 4_RSPO_TOPFLASH_max_background_corrected.csv,4,Control,16.5
446,67,1905,1897,247.3753372441276,2062.481052449197,2076,948,139.09556694141233,128.42251429420065,108.27977030271528,1934.058538154996,RSPO,TopFLASH,Position 4_RSPO_TOPFLASH_max_background_corrected.csv,4,Control,16.75
447,68,1905,1897,245.88651271008143,2000.025494418455,2076,948,139.29472042771218,127.95208039404966,106.59179228236924,1872.073414024405,RSPO,TopFLASH,Position 4_RSPO_TOPFLASH_max_background_corrected.csv,4,Control,17.0
448,69,1905,1897,243.7277047597832,1957.5528080988092,2067,957,139.28291378926264,128.0774238261429,104.44479097052051,1829.4753842726664,RSPO,TopFLASH,Position 4_RSPO_TOPFLASH_max_background_corrected.csv,4,Control,17.25
449,70,1905,1897,241.45055815450112,1909.5855300611368,2067,957,138.94861513328877,128.17148090393803,102.50194302121236,1781.414049157199,RSPO,TopFLASH,Position 4_RSPO_TOPFLASH_max_background_corrected.csv,4,Control,17.5
450,71,1905,1893,240.85257790648745,1836.1828420088607,1990,957,139.93294720427713,128.58837652533353,100.91963070221033,1707.5944654835275,RSPO,TopFLASH,Position 4_RSPO_TOPFLASH_max_background_corrected.csv,4,Control,17.75
451,72,1935,1919,249.001113833816,2046.1489567089925,2059,893,139.52907106259747,127.60387119130716,109.47204277121853,1918.545085517685,RSPO,TopFLASH,Position 4_RSPO_TOPFLASH_max_background_corrected.csv,4,Control,18.0
452,73,1935,1910,250.8358208955224,2011.340041088092,2059,893,139.7860448998787,127.32610578946066,111.04977599564369,1884.0139352986312,RSPO,TopFLASH,Position 4_RSPO_TOPFLASH_max_background_corrected.csv,4,Control,18.25
453,74,1935,1927,254.7766391920992,2071.747976535234,2025,820,139.13103636048612,126.35858023316254,115.64560283161308,1945.389396302072,RSPO,TopFLASH,Position 4_RSPO_TOPFLASH_max_background_corrected.csv,4,Control,18.5
454,75,1935,1915,256.4722160342566,1946.611494764981,2076,812,139.60159401995,126.52513551644762,116.87062201430658,1820.0863592485332,RSPO,TopFLASH,Position 4_RSPO_TOPFLASH_max_background_corrected.csv,4,Control,18.75
455,76,1935,1962,261.52355139724267,1945.4769683918717,2089,812,140.31390312120988,126.92292269993315,121.2096482760328,1818.5540456919384,RSPO,TopFLASH,Position 4_RSPO_TOPFLASH_max_background_corrected.csv,4,Control,19.0
456,1,1071,1487,317.1952921957377,3635.671344768694,1101,2026,143.92992747704264,131.36365436499096,173.2653647186951,3504.307690403703,RSPO,TopFLASH,Position 5_RSPO_TOPFLASH_max_background_corrected.csv,5,Control,0.25
457,2,1080,1504,309.07851290809634,3312.7436449592838,1277,2051,141.81022746961708,128.3854360040593,167.26828543847927,3184.358208955224,RSPO,TopFLASH,Position 5_RSPO_TOPFLASH_max_background_corrected.csv,5,Control,0.5
458,3,1050,1521,311.16554045691936,3392.494096680776,1277,2047,141.68874532808593,128.73659067844855,169.47679512883343,3263.757506002327,RSPO,TopFLASH,Position 5_RSPO_TOPFLASH_max_background_corrected.csv,5,Control,0.75
459,4,1050,1521,310.78359446548353,3409.0391079428728,1268,2047,141.65760748496325,129.13856092670974,169.12598698052028,3279.900547016163,RSPO,TopFLASH,Position 5_RSPO_TOPFLASH_max_background_corrected.csv,5,Control,1.0
460,5,1050,1517,307.5908517115913,3299.9287146357765,1268,2047,142.2424197420856,129.4501373728373,165.34843196950573,3170.47857726294,RSPO,TopFLASH,Position 5_RSPO_TOPFLASH_max_background_corrected.csv,5,Control,1.25
461,6,1054,1521,306.368282963293,3433.158807950298,1268,2047,142.02551917031758,129.30870523006857,164.3427637929754,3303.8501027202296,RSPO,TopFLASH,Position 5_RSPO_TOPFLASH_max_background_corrected.csv,5,Control,1.5
462,7,1007,1551,308.2422959827727,3357.609613623425,1268,2047,142.1127942377664,129.55201603920696,166.1295017450063,3228.057597584218,RSPO,TopFLASH,Position 5_RSPO_TOPFLASH_max_background_corrected.csv,5,Control,1.75
463,8,1007,1551,307.15935249127494,3362.527858221332,1345,2047,141.42204400881167,128.3769213633326,165.73730848246328,3234.1509368579987,RSPO,TopFLASH,Position 5_RSPO_TOPFLASH_max_background_corrected.csv,5,Control,2.0
464,9,1007,1551,308.98863889507686,3371.877503032103,1298,2064,141.5807529516596,128.48632459592585,167.40788594341726,3243.391178436177,RSPO,TopFLASH,Position 5_RSPO_TOPFLASH_max_background_corrected.csv,5,Control,2.25
465,10,1007,1551,312.4945669661642,3290.120096037226,1289,2056,141.67998316873346,128.8319101012351,170.81458379743074,3161.288185935992,RSPO,TopFLASH,Position 5_RSPO_TOPFLASH_max_background_corrected.csv,5,Control,2.5
466,11,1007,1551,312.76715922873194,3170.84299893567,1289,2056,142.05559268334943,129.06975074874384,170.7115665453825,3041.773248186926,RSPO,TopFLASH,Position 5_RSPO_TOPFLASH_max_background_corrected.csv,5,Control,2.75
467,12,1007,1551,310.5089725501844,3085.1232642756368,1289,2056,141.8099799509913,128.84054850127472,168.6989925991931,2956.2827157743623,RSPO,TopFLASH,Position 5_RSPO_TOPFLASH_max_background_corrected.csv,5,Control,3.0
468,13,1007,1551,311.70404197915894,3005.145243929606,1400,2060,140.9972277913913,127.11571495755057,170.70681418776763,2878.0295289720552,RSPO,TopFLASH,Position 5_RSPO_TOPFLASH_max_background_corrected.csv,5,Control,3.25
469,14,1007,1551,312.7171852181877,3032.887280017821,1400,2060,140.89539862874682,127.01279671295264,171.82178658944088,2905.8744833048686,RSPO,TopFLASH,Position 5_RSPO_TOPFLASH_max_background_corrected.csv,5,Control,3.5
470,15,1007,1551,312.5461745996386,3036.3431103190514,1400,2060,140.67914160540582,126.72815029330955,171.8670329942328,2909.6149600257418,RSPO,TopFLASH,Position 5_RSPO_TOPFLASH_max_background_corrected.csv,5,Control,3.75
471,16,1007,1551,312.9668820078711,2959.8005247394867,1400,2060,140.68127026558747,126.87423578624292,172.28561174228363,2832.926288953244,RSPO,TopFLASH,Position 5_RSPO_TOPFLASH_max_background_corrected.csv,5,Control,4.0
472,17,1007,1551,312.96019900497515,2929.75225860746,1400,2060,140.6236231776441,126.67379520308904,172.33657582733105,2803.078463404371,RSPO,TopFLASH,Position 5_RSPO_TOPFLASH_max_background_corrected.csv,5,Control,4.25
473,18,1007,1551,314.48575530308653,2972.282641518774,1400,2060,140.55998613895696,126.95685750352716,173.92576916412958,2845.325784015247,RSPO,TopFLASH,Position 5_RSPO_TOPFLASH_max_background_corrected.csv,5,Control,4.5
474,19,1029,1551,314.30397762431625,2937.0695279819806,1400,2060,140.56929283928616,127.09479963367244,173.73468478503008,2809.9747283483084,RSPO,TopFLASH,Position 5_RSPO_TOPFLASH_max_background_corrected.csv,5,Control,4.75
475,20,1029,1551,317.33452142273705,2953.016187718126,1400,2060,140.54501126209746,127.20902947946831,176.7895101606396,2825.8071582386574,RSPO,TopFLASH,Position 5_RSPO_TOPFLASH_max_background_corrected.csv,5,Control,5.0
476,21,1016,1551,318.3187544862751,2900.745352837801,1400,2060,140.65617187693374,127.40098017375809,177.66258260934137,2773.344372664043,RSPO,TopFLASH,Position 5_RSPO_TOPFLASH_max_background_corrected.csv,5,Control,5.25
477,22,1007,1551,316.88661171753176,2860.296898591619,1400,2060,140.39843073191258,127.48243855350115,176.48818098561918,2732.814460038118,RSPO,TopFLASH,Position 5_RSPO_TOPFLASH_max_background_corrected.csv,5,Control,5.5
478,23,1007,1551,316.66580035147643,2864.7982475681297,1400,2060,140.53288284943443,127.3553129873023,176.132917502042,2737.442934580828,RSPO,TopFLASH,Position 5_RSPO_TOPFLASH_max_background_corrected.csv,5,Control,5.75
479,24,1007,1551,312.06019652978887,2795.97935694661,1400,2060,140.43105368678994,127.40803445459272,171.62914284299893,2668.5713224920173,RSPO,TopFLASH,Position 5_RSPO_TOPFLASH_max_background_corrected.csv,5,Control,6.0
480,25,1007,1551,307.5782282616767,2869.785030073513,1571,2056,139.01482636568403,125.51394767456252,168.56340189599268,2744.2710823989505,RSPO,TopFLASH,Position 5_RSPO_TOPFLASH_max_background_corrected.csv,5,Control,6.25
481,26,1007,1551,303.2600678201035,2741.857652038316,1734,1987,141.57738669834904,127.91277443627634,161.68268112175443,2613.9448776020395,RSPO,TopFLASH,Position 5_RSPO_TOPFLASH_max_background_corrected.csv,5,Control,6.5
482,27,1007,1551,302.07482488057224,2755.214375881785,1738,1974,141.38679735650106,127.59332689784908,160.68802752407117,2627.621048983936,RSPO,TopFLASH,Position 5_RSPO_TOPFLASH_max_background_corrected.csv,5,Control,6.75
483,28,939,1508,304.853072943739,2850.952798198065,1738,1970,141.0353456597609,127.62520729684908,163.8177272839781,2723.3275909012154,RSPO,TopFLASH,Position 5_RSPO_TOPFLASH_max_background_corrected.csv,5,Control,7.0
484,29,939,1508,301.31306155788224,2825.6620875720896,1738,1957,140.79512883344472,127.6687210712606,160.51793272443751,2697.993366500829,RSPO,TopFLASH,Position 5_RSPO_TOPFLASH_max_background_corrected.csv,5,Control,7.25
485,30,939,1508,298.5945149872528,2698.17294126383,1738,1957,140.64349892329398,127.74765476102075,157.95101606395883,2570.4252865028093,RSPO,TopFLASH,Position 5_RSPO_TOPFLASH_max_background_corrected.csv,5,Control,7.5
486,31,939,1508,297.7518130739338,2670.4827108239897,1730,1957,140.35016459988614,127.39424766713697,157.40164847404768,2543.088463156853,RSPO,TopFLASH,Position 5_RSPO_TOPFLASH_max_background_corrected.csv,5,Control,7.75
487,32,939,1508,295.6723595950595,2728.0292319497044,1730,1957,140.16858493601643,127.61164327615651,155.50377465904307,2600.417588673548,RSPO,TopFLASH,Position 5_RSPO_TOPFLASH_max_background_corrected.csv,5,Control,8.0
488,33,943,1564,292.2084106829039,2682.4331823469715,1730,1957,139.86703299423283,127.39699512388307,152.34137768867106,2555.0361872230883,RSPO,TopFLASH,Position 5_RSPO_TOPFLASH_max_background_corrected.csv,5,Control,8.25
489,34,939,1543,290.8633944704339,2647.4653597683227,1730,1962,139.76386723100913,127.43585554813,151.09952723942476,2520.029504220193,RSPO,TopFLASH,Position 5_RSPO_TOPFLASH_max_background_corrected.csv,5,Control,8.5
490,35,947,1564,286.93383827132993,2599.675527833469,1764,1991,140.67367144377616,128.69193831835847,146.26016682755375,2470.983589515111,RSPO,TopFLASH,Position 5_RSPO_TOPFLASH_max_background_corrected.csv,5,Control,8.75
491,36,947,1564,284.738966857256,2523.1290809633424,1764,1991,140.523823667731,128.515853567981,144.215143189525,2394.6132273953613,RSPO,TopFLASH,Position 5_RSPO_TOPFLASH_max_background_corrected.csv,5,Control,9.0
492,37,947,1564,283.8374792703151,2546.0662359842577,1768,2013,140.50714091235366,129.1456894631321,143.33033835796144,2416.9205465211257,RSPO,TopFLASH,Position 5_RSPO_TOPFLASH_max_background_corrected.csv,5,Control,9.25
493,38,947,1564,282.46662211331403,2488.267938912403,1768,2021,140.314422910324,128.91643771193782,142.15219920299003,2359.351501200465,RSPO,TopFLASH,Position 5_RSPO_TOPFLASH_max_background_corrected.csv,5,Control,9.5
494,39,986,1645,275.0420286626569,2271.1340560877206,1764,2021,140.0266825078587,128.8597311947724,135.01534615479818,2142.274324892948,RSPO,TopFLASH,Position 5_RSPO_TOPFLASH_max_background_corrected.csv,5,Control,9.75
495,40,977,1641,274.84082077176305,2307.2601173238286,1764,2021,140.0598252518502,128.6912452662063,134.78099551991284,2178.5688720576222,RSPO,TopFLASH,Position 5_RSPO_TOPFLASH_max_background_corrected.csv,5,Control,10.0
496,41,960,1607,276.3976386723101,2323.17457488676,1764,2021,139.69196307022102,128.88698299547042,136.7056756020891,2194.2875918912896,RSPO,TopFLASH,Position 5_RSPO_TOPFLASH_max_background_corrected.csv,5,Control,10.25
497,42,969,1641,273.62127175069924,2362.1807628524048,1764,2021,139.75572386822108,128.94019950001237,133.86554788247815,2233.240563352392,RSPO,TopFLASH,Position 5_RSPO_TOPFLASH_max_background_corrected.csv,5,Control,10.5
498,43,905,1624,277.15026855770896,2358.3206851315563,1764,2021,139.6804534541224,129.12192767505755,137.46981510358654,2229.1987574564987,RSPO,TopFLASH,Position 5_RSPO_TOPFLASH_max_background_corrected.csv,5,Control,10.75
499,44,917,1637,273.1961337590654,2217.2055642187074,1764,2021,139.42951907131012,128.920001980149,133.76661468775526,2088.285562238558,RSPO,TopFLASH,Position 5_RSPO_TOPFLASH_max_background_corrected.csv,5,Control,11.0
500,45,917,1637,271.0659389619069,2249.3345461746,1764,2021,139.0634885275117,129.00141085616693,132.0024504343952,2120.333135318433,RSPO,TopFLASH,Position 5_RSPO_TOPFLASH_max_background_corrected.csv,5,Control,11.25
501,46,905,1620,271.7890646271132,2175.111804163263,1764,2021,138.97123833568477,128.7013935298631,132.81782629142842,2046.4104106334,RSPO,TopFLASH,Position 5_RSPO_TOPFLASH_max_background_corrected.csv,5,Control,11.5
502,47,862,1637,267.1535605554318,2173.62310338853,1764,2021,138.77270364594935,128.82215786737953,128.38085690948245,2044.8009455211509,RSPO,TopFLASH,Position 5_RSPO_TOPFLASH_max_background_corrected.csv,5,Control,11.75
503,48,862,1620,265.50191826934974,2120.010767060221,1764,2021,138.57439172297717,129.00039602980124,126.92752654637258,1991.01037103042,RSPO,TopFLASH,Position 5_RSPO_TOPFLASH_max_background_corrected.csv,5,Control,12.0
504,49,862,1620,264.4195440706913,2089.2093017499565,1764,2021,138.23217247097844,129.03254869928963,126.18737159971286,1960.1767530506668,RSPO,TopFLASH,Position 5_RSPO_TOPFLASH_max_background_corrected.csv,5,Control,12.25
505,50,862,1620,262.55545654810527,1994.4347664661768,1815,1979,139.95925843419718,131.21177693621445,122.59619811390807,1863.2229895299624,RSPO,TopFLASH,Position 5_RSPO_TOPFLASH_max_background_corrected.csv,5,Control,12.5
506,51,862,1620,259.7676047622584,1975.9029231949703,1815,1979,140.14898146085494,131.1775451102695,119.61862330140345,1844.7253780847009,RSPO,TopFLASH,Position 5_RSPO_TOPFLASH_max_background_corrected.csv,5,Control,12.75
507,52,862,1620,256.6383010321527,1915.561966287963,1815,1979,139.5837726788941,131.13861043043488,117.0545283532586,1784.423355857528,RSPO,TopFLASH,Position 5_RSPO_TOPFLASH_max_background_corrected.csv,5,Control,13.0
508,53,862,1620,255.2103165763224,1930.3266503304371,1875,1991,141.8058711418034,133.77047597831736,113.40444543451896,1796.55617435212,RSPO,TopFLASH,Position 5_RSPO_TOPFLASH_max_background_corrected.csv,5,Control,13.25
509,54,862,1620,253.16205044429597,1884.3576396623848,1862,1991,140.80329694809535,133.41390064602362,112.3587534962006,1750.943739016361,RSPO,TopFLASH,Position 5_RSPO_TOPFLASH_max_background_corrected.csv,5,Control,13.5
510,55,862,1620,251.6250835375362,1869.774188757704,1862,1991,140.844459295562,133.19058934184798,110.7806242419742,1736.583599415856,RSPO,TopFLASH,Position 5_RSPO_TOPFLASH_max_background_corrected.csv,5,Control,13.75
511,56,866,1620,250.03319224771664,1809.336922353407,1845,1974,140.09413133338285,132.2819484666221,109.9390609143338,1677.0549738867849,RSPO,TopFLASH,Position 5_RSPO_TOPFLASH_max_background_corrected.csv,5,Control,14.0
512,57,866,1620,247.5978564887008,1821.4088265141952,1845,1974,140.17187693373927,132.52347714165492,107.42597955496151,1688.8853493725403,RSPO,TopFLASH,Position 5_RSPO_TOPFLASH_max_background_corrected.csv,5,Control,14.25
513,58,853,1607,246.4093710551719,1741.4023167743374,1845,1974,139.87190911116062,132.36407514665478,106.53746194401128,1609.0382416276825,RSPO,TopFLASH,Position 5_RSPO_TOPFLASH_max_background_corrected.csv,5,Control,14.5
514,59,853,1620,244.00002475186255,1712.3311056657014,1845,1974,139.84030098264896,132.3486547362689,104.15972376921364,1579.9824509294326,RSPO,TopFLASH,Position 5_RSPO_TOPFLASH_max_background_corrected.csv,5,Control,14.75
515,60,845,1620,241.80564837504025,1686.85500358902,1841,1974,139.43684562263311,132.13120962352417,102.3688027524071,1554.7237939654958,RSPO,TopFLASH,Position 5_RSPO_TOPFLASH_max_background_corrected.csv,5,Control,15.0
516,61,845,1632,240.24212271973465,1644.3978366872109,1841,1974,139.28323556347615,132.0376723348432,100.9588871562585,1512.3601643523675,RSPO,TopFLASH,Position 5_RSPO_TOPFLASH_max_background_corrected.csv,5,Control,15.25
517,62,849,1637,239.2266528056236,1661.742902403406,1841,1974,139.3703621197495,132.1956634736764,99.85629068587411,1529.5472389297297,RSPO,TopFLASH,Position 5_RSPO_TOPFLASH_max_background_corrected.csv,5,Control,15.5
518,63,849,1637,237.71367045370164,1651.364421672731,1845,1991,139.5931783866736,132.34152619984653,98.12049206702804,1519.0228954728843,RSPO,TopFLASH,Position 5_RSPO_TOPFLASH_max_background_corrected.csv,5,Control,15.75
519,64,892,1718,237.4581074725873,1626.7391153684314,1845,1991,139.59746045889952,132.7311205168189,97.86064701368778,1494.0079948516125,RSPO,TopFLASH,Position 5_RSPO_TOPFLASH_max_background_corrected.csv,5,Control,16.0
520,65,794,1795,216.857057993614,1457.4891710601223,1879,2034,140.82587064676616,134.50931907626048,76.03118734684784,1322.979851983862,RSPO,TopFLASH,Position 5_RSPO_TOPFLASH_max_background_corrected.csv,5,Control,16.25
521,66,828,1773,225.0189351748719,1475.5132051186852,1875,2034,140.5345659760897,134.11380906413208,84.48436919878219,1341.399396054553,RSPO,TopFLASH,Position 5_RSPO_TOPFLASH_max_background_corrected.csv,5,Control,16.5
522,67,845,1778,225.9040865325116,1407.611321501943,1875,2034,140.64132075938716,134.1865795401104,85.26276577312441,1273.4247419618323,RSPO,TopFLASH,Position 5_RSPO_TOPFLASH_max_background_corrected.csv,5,Control,16.75
523,68,866,1778,229.79668820078712,1443.0770277963418,1849,2051,139.56471374470928,133.01594019950002,90.23197445607784,1310.0610875968418,RSPO,TopFLASH,Position 5_RSPO_TOPFLASH_max_background_corrected.csv,5,Control,17.0
524,69,862,1744,227.41600455434272,1362.7350313111062,1866,2009,140.1274968441375,133.5735996633747,87.28850771020521,1229.1614316477317,RSPO,TopFLASH,Position 5_RSPO_TOPFLASH_max_background_corrected.csv,5,Control,17.25
525,70,862,1744,227.66394396178316,1361.7569862132125,1871,2103,140.6338456968887,134.09435410014603,87.03009826489443,1227.6626321130664,RSPO,TopFLASH,Position 5_RSPO_TOPFLASH_max_background_corrected.csv,5,Control,17.5
526,71,862,1744,228.90178460929184,1392.7019380708398,1845,1983,139.2830870523007,132.28932452167027,89.61869755699115,1260.4126135491697,RSPO,TopFLASH,Position 5_RSPO_TOPFLASH_max_background_corrected.csv,5,Control,17.75
527,72,862,1778,226.6146877552536,1308.8375782777655,1862,2004,140.39105467686443,134.00116333754116,86.22363307838916,1174.8364149402244,RSPO,TopFLASH,Position 5_RSPO_TOPFLASH_max_background_corrected.csv,5,Control,18.0
528,73,866,1829,228.75324868196333,1380.9218336179797,1866,2004,141.08294349149773,134.12504640974234,87.6703051904656,1246.7967872082374,RSPO,TopFLASH,Position 5_RSPO_TOPFLASH_max_background_corrected.csv,5,Control,18.25
529,74,875,1829,232.3962030642806,1379.6784733051163,1866,2004,141.46889928467118,134.63802876166432,90.92730377960942,1245.040444543452,RSPO,TopFLASH,Position 5_RSPO_TOPFLASH_max_background_corrected.csv,5,Control,18.5
530,75,875,1829,236.7653770946264,1340.7322343506348,1866,2021,141.87492883839508,134.6071384371674,94.89044825623128,1206.1250959134677,RSPO,TopFLASH,Position 5_RSPO_TOPFLASH_max_background_corrected.csv,5,Control,18.75
531,76,875,1829,238.19063884557312,1385.4145689463132,1862,2021,142.3435558525779,134.46600331674958,95.8470829929952,1250.9485656295635,RSPO,TopFLASH,Position 5_RSPO_TOPFLASH_max_background_corrected.csv,5,Control,19.0
532,1,1832,1816,306.2581371748224,2754.245637484221,1050,1910,144.83297443132597,158.09499764857304,161.42516274349646,2596.150639835648,RSPO,TopFLASH,Position 6_RSPO_TOPFLASH_max_background_corrected.csv,6,Control,0.25
533,2,1871,1812,308.2301180663845,2785.7516645627584,1054,1872,145.14675379322293,171.27130516571373,163.08336427316155,2614.4803593970446,RSPO,TopFLASH,Position 6_RSPO_TOPFLASH_max_background_corrected.csv,6,Control,0.5
534,3,1892,1812,306.9090369050271,2842.88265141952,1088,1872,144.62847454270934,167.39568327516645,162.28056236231777,2675.486968144353,RSPO,TopFLASH,Position 6_RSPO_TOPFLASH_max_background_corrected.csv,6,Control,0.75
535,4,1931,1833,305.2542511323977,2906.295413479864,1088,1872,143.88893839261405,165.13081359372293,161.36531273978366,2741.1645998861413,RSPO,TopFLASH,Position 6_RSPO_TOPFLASH_max_background_corrected.csv,6,Control,1.0
536,5,1922,1829,304.7454023415262,2889.8322318754485,1088,1872,143.11559119823767,161.19180218311428,161.62981114328852,2728.6404296923342,RSPO,TopFLASH,Position 6_RSPO_TOPFLASH_max_background_corrected.csv,6,Control,1.25
537,6,1909,1859,301.1474468453751,2777.323036558501,1088,1872,142.8464394445682,158.3295958020841,158.3010074008069,2618.993440756417,RSPO,TopFLASH,Position 6_RSPO_TOPFLASH_max_background_corrected.csv,6,Control,1.5
538,7,1901,1872,298.30288854236284,2675.5078587163684,1088,1872,142.84000396029802,157.31915051607635,155.46288458206482,2518.188708200292,RSPO,TopFLASH,Position 6_RSPO_TOPFLASH_max_background_corrected.csv,6,Control,1.75
539,8,1926,1859,297.9639612880869,2761.985990445781,1088,1872,142.77866884483058,155.76443652384842,155.18529244325634,2606.221553921933,RSPO,TopFLASH,Position 6_RSPO_TOPFLASH_max_background_corrected.csv,6,Control,2.0
540,9,1879,1859,294.58273310066585,2622.0606915670405,1084,1825,143.39989109180465,163.9978465879557,151.1828420088612,2458.0628449790847,RSPO,TopFLASH,Position 6_RSPO_TOPFLASH_max_background_corrected.csv,6,Control,2.25
541,10,1892,1859,292.39969307690404,2613.5079082200937,1084,1842,143.0688101779659,156.41971733372935,149.33088289893814,2457.0881908863644,RSPO,TopFLASH,Position 6_RSPO_TOPFLASH_max_background_corrected.csv,6,Control,2.5
542,11,1905,1859,289.37362936560976,2592.294002623697,1084,1842,143.22331130417564,152.47951783371698,146.15031806143412,2439.8144847899803,RSPO,TopFLASH,Position 6_RSPO_TOPFLASH_max_background_corrected.csv,6,Control,2.75
543,12,1926,1889,289.2095245167199,2586.5281552436822,1093,1842,143.11950199252493,148.8832207123586,146.09002252419498,2437.6449345313235,RSPO,TopFLASH,Position 6_RSPO_TOPFLASH_max_background_corrected.csv,6,Control,3.0
544,13,1926,1893,286.77384223162795,2535.288334447167,1264,1927,143.83062300438107,146.76099601495014,142.94321922724689,2388.5273384322168,RSPO,TopFLASH,Position 6_RSPO_TOPFLASH_max_background_corrected.csv,6,Control,3.25
545,14,1943,1936,286.55731293779854,2404.942130145293,1230,1906,143.69060171777926,144.54127373084825,142.86671122001928,2260.400856414445,RSPO,TopFLASH,Position 6_RSPO_TOPFLASH_max_background_corrected.csv,6,Control,3.5
546,15,1926,1962,283.5292690774981,2300.571594762506,1144,1846,142.97089180960867,141.53374916462465,140.55837726788943,2159.037845597881,RSPO,TopFLASH,Position 6_RSPO_TOPFLASH_max_background_corrected.csv,6,Control,3.75
547,16,1935,1970,281.35048637409966,2250.161134625381,1144,1872,142.69646790921016,138.79866834979333,138.6540184648895,2111.3624662755874,RSPO,TopFLASH,Position 6_RSPO_TOPFLASH_max_background_corrected.csv,6,Control,4.0
548,17,1935,1970,279.022152917007,2239.4411524467214,1144,1936,142.2019999504963,135.2125194920918,136.82015296651073,2104.2286329546296,RSPO,TopFLASH,Position 6_RSPO_TOPFLASH_max_background_corrected.csv,6,Control,4.25
549,18,1935,1970,276.20531670008165,2228.456374842207,1140,1910,142.30697259968812,137.47285958268358,133.89834410039353,2090.9835152595238,RSPO,TopFLASH,Position 6_RSPO_TOPFLASH_max_background_corrected.csv,6,Control,4.5
550,19,1935,1970,273.4316477314918,2173.6654043216754,1148,1910,142.53815499616346,138.433627880498,130.89349273532835,2035.231776441177,RSPO,TopFLASH,Position 6_RSPO_TOPFLASH_max_background_corrected.csv,6,Control,4.75
551,20,1935,1970,271.5054330338358,2128.0431177446103,1071,1974,141.44922155392194,132.7638919828717,130.05621147991386,1995.2792257617384,RSPO,TopFLASH,Position 6_RSPO_TOPFLASH_max_background_corrected.csv,6,Control,5.0
552,21,1935,1970,269.83742976658993,2071.378753001163,1071,2000,141.3907329026509,132.23214771911586,128.44669686393902,1939.1466052820476,RSPO,TopFLASH,Position 6_RSPO_TOPFLASH_max_background_corrected.csv,6,Control,5.25
553,22,1935,1970,267.9280215836242,2008.052770971016,1071,2004,141.005742432118,131.93505111259623,126.92227915150616,1876.1177198584196,RSPO,TopFLASH,Position 6_RSPO_TOPFLASH_max_background_corrected.csv,6,Control,5.5
554,23,1905,2013,265.92794732803645,1938.791886339447,1071,2004,141.21539070815078,132.53783322194994,124.71255661988567,1806.254053117497,RSPO,TopFLASH,Position 6_RSPO_TOPFLASH_max_background_corrected.csv,6,Control,5.75
555,24,1905,2009,262.39595554565483,1872.5615950100248,1071,2004,141.03725155317937,132.98678250538353,121.35870399247544,1739.5748125046412,RSPO,TopFLASH,Position 6_RSPO_TOPFLASH_max_background_corrected.csv,6,Control,6.0
556,25,1939,2026,261.6752308111185,1889.6918640627707,1071,2004,140.66582510333902,133.06841414816466,121.00940570777952,1756.623449914606,RSPO,TopFLASH,Position 6_RSPO_TOPFLASH_max_background_corrected.csv,6,Control,6.25
557,26,1918,2073,257.13643226652806,1775.4009801737582,1071,2004,140.40055939209427,133.64094948144847,116.7358728744338,1641.7600306923098,RSPO,TopFLASH,Position 6_RSPO_TOPFLASH_max_background_corrected.csv,6,Control,6.5
558,27,1888,2094,251.12338803494964,1651.9283928615628,1071,2004,140.3108586421128,134.29489369075023,110.81252939283684,1517.6334991708125,RSPO,TopFLASH,Position 6_RSPO_TOPFLASH_max_background_corrected.csv,6,Control,6.75
559,28,1926,2137,251.804138511423,1747.2949926982003,1071,1927,141.3051162099948,142.33355610009653,110.4990223014282,1604.961436598104,RSPO,TopFLASH,Position 6_RSPO_TOPFLASH_max_background_corrected.csv,6,Control,7.0
560,29,1913,2056,250.1216306527066,1693.7575307541892,1071,2068,139.5024133066013,132.0612608598797,110.6192173461053,1561.6962698943096,RSPO,TopFLASH,Position 6_RSPO_TOPFLASH_max_background_corrected.csv,6,Control,7.25
561,30,1960,2094,251.66337466894385,1750.8187421103437,1071,2150,137.59258434197173,128.83765253335312,114.07079032697212,1621.9810895769906,RSPO,TopFLASH,Position 6_RSPO_TOPFLASH_max_background_corrected.csv,6,Control,7.5
562,31,1939,2098,250.02012326427564,1693.909210168065,1071,2133,137.99740105442933,129.8506472612064,112.02272220984632,1564.0585629068587,RSPO,TopFLASH,Position 6_RSPO_TOPFLASH_max_background_corrected.csv,6,Control,7.75
563,32,1871,2098,241.3845944407317,1507.3141011361106,1071,2133,137.7294621420262,129.97980248013664,103.65513229870548,1377.334298655974,RSPO,TopFLASH,Position 6_RSPO_TOPFLASH_max_background_corrected.csv,6,Control,8.0
564,33,1973,2094,246.74245686987945,1673.066755773372,1071,2098,138.15685255315464,131.72381871735848,108.5856043167248,1541.3429370560136,RSPO,TopFLASH,Position 6_RSPO_TOPFLASH_max_background_corrected.csv,6,Control,8.25
565,34,1926,2081,242.01386104304348,1545.1514566471126,1071,2098,138.12326427563673,132.66510729932426,103.89059676740676,1412.4863493477883,RSPO,TopFLASH,Position 6_RSPO_TOPFLASH_max_background_corrected.csv,6,Control,8.5
566,35,1892,2115,238.0268062671716,1432.9663374668944,1071,2098,138.29410163114775,132.65515705056805,99.73270463602384,1300.3111804163264,RSPO,TopFLASH,Position 6_RSPO_TOPFLASH_max_background_corrected.csv,6,Control,8.75
567,36,1918,2103,237.94557065419173,1469.1067052795722,1029,1876,143.42085591940793,186.2909581446004,94.5247147347838,1282.8157471349718,RSPO,TopFLASH,Position 6_RSPO_TOPFLASH_max_background_corrected.csv,6,Control,9.0
568,37,1918,2068,234.54169451251207,1437.8527016658004,1024,1949,141.51221504418208,167.93316997104031,93.02947946832998,1269.91953169476,RSPO,TopFLASH,Position 6_RSPO_TOPFLASH_max_background_corrected.csv,6,Control,9.25
569,38,1901,2081,231.73416499591596,1391.299027251801,1020,2103,137.37684710774485,133.86010247271108,94.35731788817108,1257.4389247790896,RSPO,TopFLASH,Position 6_RSPO_TOPFLASH_max_background_corrected.csv,6,Control,9.5
570,39,1931,2180,235.6973094725378,1348.353902131135,1020,2103,136.99695552090296,133.94104106334,98.70035395163484,1214.4128610677951,RSPO,TopFLASH,Position 6_RSPO_TOPFLASH_max_background_corrected.csv,6,Control,9.75
571,40,1926,2115,233.2254894680825,1341.0845276107027,1020,2103,137.37308482463305,134.67859706442908,95.85240464344945,1206.4059305462736,RSPO,TopFLASH,Position 6_RSPO_TOPFLASH_max_background_corrected.csv,6,Control,10.0
572,41,1858,2115,225.93566990916065,1226.9424766713696,1020,2103,137.56753545704314,135.26813692730377,88.36813445211752,1091.674339744066,RSPO,TopFLASH,Position 6_RSPO_TOPFLASH_max_background_corrected.csv,6,Control,10.25
573,42,1858,2107,223.64354842701917,1221.922229647781,1020,2103,137.5619415361006,135.71797727779014,86.08160689091855,1086.2042523699909,RSPO,TopFLASH,Position 6_RSPO_TOPFLASH_max_background_corrected.csv,6,Control,10.5
574,43,1884,2180,226.4094700626222,1166.5711987327047,1020,2103,137.52246231528923,136.23140516323852,88.88700774733297,1030.339793569466,RSPO,TopFLASH,Position 6_RSPO_TOPFLASH_max_background_corrected.csv,6,Control,10.75
575,44,1884,2107,222.31657632236823,1214.0953194227866,1020,2103,137.52298210440335,136.55741194524887,84.79359421796491,1077.5379074775378,RSPO,TopFLASH,Position 6_RSPO_TOPFLASH_max_background_corrected.csv,6,Control,11.0
576,45,1896,2064,219.4621172743249,1292.8891611593772,204,448,118.0440830672508,117.98762406871116,101.41803420707409,1174.901537090666,RSPO,TopFLASH,Position 6_RSPO_TOPFLASH_max_background_corrected.csv,6,Control,11.25
577,46,1866,2167,217.58139650008664,1068.7398084205836,208,453,117.91062102423209,117.9499022301428,99.67077547585455,950.7899061904408,RSPO,TopFLASH,Position 6_RSPO_TOPFLASH_max_background_corrected.csv,6,Control,11.5
578,47,1875,2103,214.71570010643305,1158.7053538278756,208,453,118.09479963367244,117.9643325660256,96.62090047276058,1040.74102126185,RSPO,TopFLASH,Position 6_RSPO_TOPFLASH_max_background_corrected.csv,6,Control,11.75
579,48,1875,2103,214.13031855647137,1127.3868221083635,208,448,118.19841093042253,117.91945743917228,95.93190762604884,1009.4673646691914,RSPO,TopFLASH,Position 6_RSPO_TOPFLASH_max_background_corrected.csv,6,Control,12.0
580,49,1960,2128,219.1995495161011,1180.4066235984258,165,453,117.61077696096632,117.97604019702484,101.58877255513475,1062.430583401401,RSPO,TopFLASH,Position 6_RSPO_TOPFLASH_max_background_corrected.csv,6,Control,12.25
581,50,1956,2056,212.4340486621618,1226.2889532437316,174,440,117.6155540704438,117.98480235637732,94.818494591718,1108.3041508873544,RSPO,TopFLASH,Position 6_RSPO_TOPFLASH_max_background_corrected.csv,6,Control,12.5
582,51,1973,2047,210.47402292022477,1227.1583624167718,238,414,118.13786787455756,117.92524937501548,92.33615504566718,1109.2331130417565,RSPO,TopFLASH,Position 6_RSPO_TOPFLASH_max_background_corrected.csv,6,Control,12.75
583,52,1973,2051,208.46860226232025,1192.1621742036089,152,388,117.33803618722308,118.00168312665528,91.13056607509716,1074.1604910769536,RSPO,TopFLASH,Position 6_RSPO_TOPFLASH_max_background_corrected.csv,6,Control,13.0
584,53,1973,2051,206.66114700131183,1191.301056904532,259,414,118.47315660503452,117.96116432761563,88.18799039627733,1073.3398925769163,RSPO,TopFLASH,Position 6_RSPO_TOPFLASH_max_background_corrected.csv,6,Control,13.25
585,54,1973,2060,205.3186554788248,1155.1707383480607,242,461,118.54567956238706,117.98893591742778,86.77297591643772,1037.1818024306328,RSPO,TopFLASH,Position 6_RSPO_TOPFLASH_max_background_corrected.csv,6,Control,13.5
586,55,1973,2060,204.68740872750675,1148.8962896957996,178,401,117.56169401747482,117.99410905670652,87.12571471003193,1030.902180639093,RSPO,TopFLASH,Position 6_RSPO_TOPFLASH_max_background_corrected.csv,6,Control,13.75
587,56,1969,2060,203.35390213113536,1157.7892131382887,204,423,117.88054751120022,117.97797084230588,85.47335461993514,1039.8112422959828,RSPO,TopFLASH,Position 6_RSPO_TOPFLASH_max_background_corrected.csv,6,Control,14.0
588,57,1969,2060,201.393307096359,1135.828469592337,204,423,118.19058934184795,117.95797133734314,83.20271775451103,1017.8704982549938,RSPO,TopFLASH,Position 6_RSPO_TOPFLASH_max_background_corrected.csv,6,Control,14.25
589,58,1969,2060,200.88517610950225,1074.4023167743374,204,423,117.90034900126234,117.95564466226084,82.98482710823991,956.4466721120764,RSPO,TopFLASH,Position 6_RSPO_TOPFLASH_max_background_corrected.csv,6,Control,14.5
590,59,1969,2060,198.72094750129943,1063.3368233459569,204,431,118.16338704487512,117.98834187272593,80.55756045642434,945.348481473231,RSPO,TopFLASH,Position 6_RSPO_TOPFLASH_max_background_corrected.csv,6,Control,14.75
591,60,1969,2064,197.6107522091037,1056.570827454766,208,431,118.024380584639,117.95111507140912,79.58637162446475,938.6197123833568,RSPO,TopFLASH,Position 6_RSPO_TOPFLASH_max_background_corrected.csv,6,Control,15.0
592,61,1990,2111,200.13388282468256,1034.0618549045817,208,431,117.91195762481128,117.98641122744486,82.2219251998713,916.0754436771368,RSPO,TopFLASH,Position 6_RSPO_TOPFLASH_max_background_corrected.csv,6,Control,15.25
593,62,1995,2115,199.24863245959256,1015.557114922898,199,534,118.50238855473874,117.95138734189749,80.74624390485384,897.6057275810006,RSPO,TopFLASH,Position 6_RSPO_TOPFLASH_max_background_corrected.csv,6,Control,15.5
594,63,1999,2120,198.43788520086136,988.3405361253434,182,598,118.48456721368282,117.81495507536944,79.95331798717854,870.525581049974,RSPO,TopFLASH,Position 6_RSPO_TOPFLASH_max_background_corrected.csv,6,Control,15.75
595,64,2012,2133,199.29390361624712,998.541694512512,187,572,118.37494121432638,117.82166283012796,80.91896240192074,880.7200316823842,RSPO,TopFLASH,Position 6_RSPO_TOPFLASH_max_background_corrected.csv,6,Control,16.0
596,65,2012,2133,197.10022029157693,978.8388406227568,225,559,119.32625430063612,117.93690750228954,77.77396599094081,860.9019331204673,RSPO,TopFLASH,Position 6_RSPO_TOPFLASH_max_background_corrected.csv,6,Control,16.25
597,66,2012,2137,196.09291849211647,946.4101631147744,187,559,118.4344199401005,117.8913145714215,77.65849855201603,828.5188485433529,RSPO,TopFLASH,Position 6_RSPO_TOPFLASH_max_background_corrected.csv,6,Control,16.5
598,67,2012,2137,195.54191727927525,933.7630999232692,195,559,118.62495977822331,117.88059701492536,76.91695750105194,815.8825029083439,RSPO,TopFLASH,Position 6_RSPO_TOPFLASH_max_background_corrected.csv,6,Control,16.75
599,68,2012,2137,193.58456473849657,905.9019826241924,182,564,118.88685923615752,117.86064701368778,74.69770550233905,788.0413356105047,RSPO,TopFLASH,Position 6_RSPO_TOPFLASH_max_background_corrected.csv,6,Control,17.0
600,69,2012,2137,193.5446399841588,915.5342442018762,208,559,119.0848493849162,117.88126531521496,74.4597905992426,797.6529788866612,RSPO,TopFLASH,Position 6_RSPO_TOPFLASH_max_background_corrected.csv,6,Control,17.25
601,70,2084,2248,199.26329889016452,912.5187842837096,242,504,119.06507264671669,117.971634365486,80.19822624344788,794.5471499182237,RSPO,TopFLASH,Position 6_RSPO_TOPFLASH_max_background_corrected.csv,6,Control,17.5
602,71,2080,2180,197.06730031434864,869.0649241355412,234,538,118.89215613474914,117.94294695675848,78.1751441795995,751.1219771787827,RSPO,TopFLASH,Position 6_RSPO_TOPFLASH_max_background_corrected.csv,6,Control,17.75
603,72,2080,2180,197.5490953194228,852.668052770971,259,547,119.53929358184205,118.02975173881836,78.00980173758074,734.6383010321526,RSPO,TopFLASH,Position 6_RSPO_TOPFLASH_max_background_corrected.csv,6,Control,18.0
604,73,2084,2184,199.3336798594094,843.7917873319967,255,538,119.51243781094529,118.13103636048612,79.82124204846414,725.6607509715107,RSPO,TopFLASH,Position 6_RSPO_TOPFLASH_max_background_corrected.csv,6,Control,18.25
605,74,2084,2184,201.16435236751565,835.6639687136457,255,538,119.96703051904656,118.12856117422837,81.19732184846909,717.5354075394173,RSPO,TopFLASH,Position 6_RSPO_TOPFLASH_max_background_corrected.csv,6,Control,18.5
606,75,1978,2017,173.20722259350015,580.1114823890498,216,542,119.36989183436052,118.02992500185638,53.83733075913962,462.0815573871934,RSPO,TopFLASH,Position 6_RSPO_TOPFLASH_max_background_corrected.csv,6,Control,18.75
607,76,1978,2026,174.75728323556348,584.6714932798693,216,542,119.4520432662558,118.02606371129428,55.30523996930769,466.645429568575,RSPO,TopFLASH,Position 6_RSPO_TOPFLASH_max_background_corrected.csv,6,Control,19.0
608,1,1234,936,287.6416177817381,2686.951560604936,1854,474,143.0723744461771,126.73641741541051,144.56924333556103,2560.215143189525,RSPO,TopFLASH,Position 7_RSPO_TOPFLASH_max_background_corrected.csv,7,IWR,0.25
609,2,1324,931,300.53538278755474,3215.393158585184,1905,448,142.8375782777654,126.40447018638152,157.69780450978934,3088.9886883988024,RSPO,TopFLASH,Position 7_RSPO_TOPFLASH_max_background_corrected.csv,7,IWR,0.5
610,3,1289,889,291.1885844409792,2808.122373208584,1926,423,142.71352194252617,126.05470161629664,148.475062498453,2682.0676715922878,RSPO,TopFLASH,Position 7_RSPO_TOPFLASH_max_background_corrected.csv,7,IWR,0.75
611,4,1281,867,285.90965570159153,2657.726194896166,1969,1897,149.29100764832555,136.1405658275785,136.618648053266,2521.5856290685874,RSPO,TopFLASH,Position 7_RSPO_TOPFLASH_max_background_corrected.csv,7,IWR,1.0
612,5,1281,867,281.32588302269744,2620.823940001485,2003,1940,149.94312021979653,137.51194277369373,131.3827628029009,2483.3119972277914,RSPO,TopFLASH,Position 7_RSPO_TOPFLASH_max_background_corrected.csv,7,IWR,1.25
613,6,1302,850,279.6397366401821,2708.0081681146507,2029,1906,149.57468874532807,136.85948367614662,130.06504789485408,2571.148684438504,RSPO,TopFLASH,Position 7_RSPO_TOPFLASH_max_background_corrected.csv,7,IWR,1.5
614,7,1306,863,277.60179203485063,2638.327665156803,2020,1902,149.3670701220267,136.90299745055816,128.23472191282394,2501.4246677062447,RSPO,TopFLASH,Position 7_RSPO_TOPFLASH_max_background_corrected.csv,7,IWR,1.75
615,8,1294,880,275.5013489765105,2629.2446969134426,2003,1897,149.44988985421153,136.54369941338086,126.05145912229897,2492.700997500062,RSPO,TopFLASH,Position 7_RSPO_TOPFLASH_max_background_corrected.csv,7,IWR,2.0
616,9,1289,880,273.97111457637186,2583.747828024059,2046,1893,149.19447538427266,136.83750402217768,124.7766391920992,2446.910324001881,RSPO,TopFLASH,Position 7_RSPO_TOPFLASH_max_background_corrected.csv,7,IWR,2.25
617,10,1289,880,275.71768025543923,2532.8755971386845,2042,1889,149.27323581099478,136.45385015222396,126.44444444444446,2396.4217469864607,RSPO,TopFLASH,Position 7_RSPO_TOPFLASH_max_background_corrected.csv,7,IWR,2.5
618,11,1234,756,259.34526373109577,2277.748793346699,2042,1889,149.5664958788149,136.6658498552016,109.77876785228088,2141.0829434914976,RSPO,TopFLASH,Position 7_RSPO_TOPFLASH_max_background_corrected.csv,7,IWR,2.75
619,12,1212,743,254.39602980124252,2163.7593871438826,2042,1889,149.28920076235735,136.6773842231628,105.1068290388852,2027.08200292072,RSPO,TopFLASH,Position 7_RSPO_TOPFLASH_max_background_corrected.csv,7,IWR,3.0
620,13,1178,756,250.2192519987129,1968.338333209574,2042,1889,149.2757605009777,136.30152718992105,100.9434914977352,1832.036806019653,RSPO,TopFLASH,Position 7_RSPO_TOPFLASH_max_background_corrected.csv,7,IWR,3.25
621,14,1178,795,251.42724189995295,1861.5950595282293,2042,1889,149.41538575777827,136.5530556174352,102.01185614217472,1725.0420039107944,RSPO,TopFLASH,Position 7_RSPO_TOPFLASH_max_background_corrected.csv,7,IWR,3.5
622,15,1230,773,257.8158213905596,2048.2416524343457,2042,1889,149.32405138486672,136.8469097299572,108.4917700056929,1911.3947427043888,RSPO,TopFLASH,Position 7_RSPO_TOPFLASH_max_background_corrected.csv,7,IWR,3.75
623,16,1264,812,272.31348233954606,2186.8520581173734,2042,1889,149.37241652434346,136.59607435459515,122.9410658152026,2050.255983762778,RSPO,TopFLASH,Position 7_RSPO_TOPFLASH_max_background_corrected.csv,7,IWR,4.0
624,17,1204,769,259.87077052548204,1937.9418331229424,2042,1889,149.25551347738917,136.68931462092522,110.61525704809289,1801.2525185020172,RSPO,TopFLASH,Position 7_RSPO_TOPFLASH_max_background_corrected.csv,7,IWR,4.25
625,18,1204,752,261.29432439791094,1944.284176134254,2042,1889,149.2093760055444,136.63151902180638,112.08494839236651,1807.652657112448,RSPO,TopFLASH,Position 7_RSPO_TOPFLASH_max_background_corrected.csv,7,IWR,4.5
626,19,1221,807,273.15373381846985,1997.836142669736,2042,1889,149.2495235266454,136.85601841538576,123.90421029182446,1860.98012425435,RSPO,TopFLASH,Position 7_RSPO_TOPFLASH_max_background_corrected.csv,7,IWR,4.75
627,20,1221,824,278.2046236479295,2012.6169154228853,2042,1889,148.86507759708917,136.4250884879087,129.33954605084034,1876.191826934977,RSPO,TopFLASH,Position 7_RSPO_TOPFLASH_max_background_corrected.csv,7,IWR,5.0
628,21,1225,777,274.10321526694884,1933.0903442984084,2042,1889,149.0872750674488,136.61639563377145,125.01594019950002,1796.473948664637,RSPO,TopFLASH,Position 7_RSPO_TOPFLASH_max_background_corrected.csv,7,IWR,5.25
629,22,1221,735,271.2858592609094,1924.23410311626,2042,1889,148.5977327293879,136.37397589168586,122.68812653152148,1787.8601272245735,RSPO,TopFLASH,Position 7_RSPO_TOPFLASH_max_background_corrected.csv,7,IWR,5.5
630,23,1242,760,279.27519120813844,2023.9017351055668,2042,1889,148.83616742159847,136.45063241008887,130.43902378653996,1887.4511026954776,RSPO,TopFLASH,Position 7_RSPO_TOPFLASH_max_background_corrected.csv,7,IWR,5.75
631,24,1195,718,269.61706393406104,1794.360139600505,2042,1889,148.7256008514641,136.57421845993912,120.89146308259696,1657.7859211405655,RSPO,TopFLASH,Position 7_RSPO_TOPFLASH_max_background_corrected.csv,7,IWR,6.0
632,25,1182,688,265.6795623870696,1778.9220811366056,2042,1889,148.13046706764683,136.04670676468405,117.54909531942278,1642.8753743719217,RSPO,TopFLASH,Position 7_RSPO_TOPFLASH_max_background_corrected.csv,7,IWR,6.25
633,26,1174,683,264.71320016831265,1741.2407861191557,2042,1889,147.72107126061235,135.7588178510433,116.9921289077003,1605.4819682681125,RSPO,TopFLASH,Position 7_RSPO_TOPFLASH_max_background_corrected.csv,7,IWR,6.5
634,27,1118,692,261.15217445112745,1655.3906338952006,2042,1889,147.48894829335907,135.71629415113486,113.66322615776838,1519.6743397440655,RSPO,TopFLASH,Position 7_RSPO_TOPFLASH_max_background_corrected.csv,7,IWR,6.75
635,28,1157,658,260.9447290908641,1665.3641494022424,2042,1889,147.47969109675503,135.6802554392218,113.46503799410904,1529.6838939630206,RSPO,TopFLASH,Position 7_RSPO_TOPFLASH_max_background_corrected.csv,7,IWR,7.0
636,29,1165,675,262.70280438603004,1657.2874186282518,2042,1872,147.15952575431302,135.07150813098687,115.54327863171702,1522.215910497265,RSPO,TopFLASH,Position 7_RSPO_TOPFLASH_max_background_corrected.csv,7,IWR,7.25
637,30,1161,632,258.0340833147694,1606.0887106754783,2042,1872,146.89544813247196,134.9275512982352,111.13863518229746,1471.1611593772432,RSPO,TopFLASH,Position 7_RSPO_TOPFLASH_max_background_corrected.csv,7,IWR,7.5
638,31,1165,688,266.15705056805524,1670.1597237692135,2042,1872,146.8184203361303,134.75564961263336,119.33863023192497,1535.4040741565802,RSPO,TopFLASH,Position 7_RSPO_TOPFLASH_max_background_corrected.csv,7,IWR,7.75
639,32,1170,611,256.53798173312543,1571.8381475706046,2042,1872,146.324620677706,134.78597064429098,110.21336105541944,1437.0521769263137,RSPO,TopFLASH,Position 7_RSPO_TOPFLASH_max_background_corrected.csv,7,IWR,8.0
640,33,1182,683,265.5267938912403,1673.5342194500136,2042,1872,146.43459320313855,134.75812479889112,119.09220068810174,1538.7760946511223,RSPO,TopFLASH,Position 7_RSPO_TOPFLASH_max_background_corrected.csv,7,IWR,8.25
641,34,1187,671,263.43045964208807,1636.0965075121903,2042,1872,146.20657904507314,134.35910002227666,117.22388059701493,1501.7374074899135,RSPO,TopFLASH,Position 7_RSPO_TOPFLASH_max_background_corrected.csv,7,IWR,8.5
642,35,1187,671,265.31712086334494,1641.0630182421228,2042,1872,146.32179896537215,134.65706294398657,118.9953218979728,1506.4059552981362,RSPO,TopFLASH,Position 7_RSPO_TOPFLASH_max_background_corrected.csv,7,IWR,8.75
643,36,1187,671,264.44612757109974,1648.4514244696911,2033,1885,146.59800499987625,134.92104155837723,117.84812257122348,1513.530382911314,RSPO,TopFLASH,Position 7_RSPO_TOPFLASH_max_background_corrected.csv,7,IWR,9.0
644,37,1187,671,265.96324348407217,1652.0825969654215,2025,1889,146.41895002598946,135.00472760575232,119.5442934580827,1517.0778693596692,RSPO,TopFLASH,Position 7_RSPO_TOPFLASH_max_background_corrected.csv,7,IWR,9.25
645,38,1187,671,265.3082844484047,1664.9288631469517,2025,1889,146.12170490829436,134.8029009182941,119.18657954011036,1530.1259622286575,RSPO,TopFLASH,Position 7_RSPO_TOPFLASH_max_background_corrected.csv,7,IWR,9.5
646,39,1187,671,264.74577361946484,1648.0176233261552,2016,1846,145.55963961288086,133.51657137199575,119.18613400658398,1514.5010519541595,RSPO,TopFLASH,Position 7_RSPO_TOPFLASH_max_background_corrected.csv,7,IWR,9.75
647,40,1230,743,263.0630429939853,1750.8328754238755,2016,1842,145.39370312616023,133.58013415509518,117.66933986782504,1617.2527412687805,RSPO,TopFLASH,Position 7_RSPO_TOPFLASH_max_background_corrected.csv,7,IWR,10.0
648,41,1221,671,262.039503972674,1613.7895844162274,2016,1829,145.48144847899803,133.1252939283681,116.55805549367594,1480.6642904878593,RSPO,TopFLASH,Position 7_RSPO_TOPFLASH_max_background_corrected.csv,7,IWR,10.25
649,42,1221,692,261.872824930076,1615.8244845424615,2016,1829,145.48233954605084,133.19638127769116,116.39048538402514,1482.6281032647703,RSPO,TopFLASH,Position 7_RSPO_TOPFLASH_max_background_corrected.csv,7,IWR,10.5
650,43,1212,666,259.15400608895817,1515.3947922081136,2016,1829,145.34652607608723,133.36056038216876,113.80748001287094,1382.0342318259447,RSPO,TopFLASH,Position 7_RSPO_TOPFLASH_max_background_corrected.csv,7,IWR,10.75
651,44,1208,619,256.81463330115594,1427.6119898022323,2012,1829,145.149327986931,133.13296700576717,111.66530531422492,1294.4790227964654,RSPO,TopFLASH,Position 7_RSPO_TOPFLASH_max_background_corrected.csv,7,IWR,11.0
652,45,1208,619,254.97160961362343,1391.0505928071088,2003,1842,144.95532288804733,133.28786416177817,110.0162867255761,1257.7627286453308,RSPO,TopFLASH,Position 7_RSPO_TOPFLASH_max_background_corrected.csv,7,IWR,11.25
653,46,1204,572,251.4653102645974,1301.6040444543453,2003,1829,144.74344694438255,132.95344174649142,106.72186332021484,1168.650602707854,RSPO,TopFLASH,Position 7_RSPO_TOPFLASH_max_background_corrected.csv,7,IWR,11.5
654,47,1182,619,252.87280017821345,1361.0657161951438,2003,1829,144.45441944506325,132.93425905299372,108.41838073315016,1228.13145714215,RSPO,TopFLASH,Position 7_RSPO_TOPFLASH_max_background_corrected.csv,7,IWR,11.75
655,48,1178,624,250.90289844310783,1323.353704116235,2003,1808,144.38184698398555,132.44625133041262,106.52105145912228,1190.907452785822,RSPO,TopFLASH,Position 7_RSPO_TOPFLASH_max_background_corrected.csv,7,IWR,12.0
656,49,1178,619,248.45419667830004,1302.2036583252889,2020,1761,143.91770005692928,131.7745105319175,104.53649662137076,1170.4291477933714,RSPO,TopFLASH,Position 7_RSPO_TOPFLASH_max_background_corrected.csv,7,IWR,12.25
657,50,1178,619,245.98195589218088,1309.8139402490035,1990,1820,143.854186777555,132.455137249078,102.12776911462586,1177.3588029999255,RSPO,TopFLASH,Position 7_RSPO_TOPFLASH_max_background_corrected.csv,7,IWR,12.5
658,51,1208,658,244.28964629588376,1317.1991287344372,2033,1820,144.18021831142792,132.80384148907206,100.10942798445583,1184.3952872453651,RSPO,TopFLASH,Position 7_RSPO_TOPFLASH_max_background_corrected.csv,7,IWR,12.75
659,52,1208,662,242.23437538674784,1289.6540927204771,2020,1782,143.47560703942972,131.87074577361946,98.75876834731812,1157.7833469468576,RSPO,TopFLASH,Position 7_RSPO_TOPFLASH_max_background_corrected.csv,7,IWR,13.0
660,53,1230,683,239.9457934209549,1315.6061978663895,2033,1761,143.125417687681,131.5525110764585,96.82037573327392,1184.053686789931,RSPO,TopFLASH,Position 7_RSPO_TOPFLASH_max_background_corrected.csv,7,IWR,13.25
661,54,1204,654,239.6963193980347,1233.1423479616842,2020,1697,142.1786836959481,129.9227741887577,97.51763570208658,1103.2195737729264,RSPO,TopFLASH,Position 7_RSPO_TOPFLASH_max_background_corrected.csv,7,IWR,13.5
662,55,1195,632,239.40595529813615,1193.0652211578922,1960,1658,141.94742704388506,129.91876438702013,97.45852825425112,1063.1464567708722,RSPO,TopFLASH,Position 7_RSPO_TOPFLASH_max_background_corrected.csv,7,IWR,13.75
663,56,1204,632,237.0208410682904,1182.8992846711717,1982,1709,142.46763693967972,130.5075369421549,94.55320412861067,1052.3917477290163,RSPO,TopFLASH,Position 7_RSPO_TOPFLASH_max_background_corrected.csv,7,IWR,14.0
664,57,1208,632,235.73805103834064,1146.1885101853914,1986,1709,142.34704586520135,130.5896141184624,93.39100517313928,1015.598896066929,RSPO,TopFLASH,Position 7_RSPO_TOPFLASH_max_background_corrected.csv,7,IWR,14.25
665,58,1212,585,233.20380683646445,1079.5541446993886,1990,1709,142.39377738174798,130.60939085666195,90.81002945471649,948.9447538427266,RSPO,TopFLASH,Position 7_RSPO_TOPFLASH_max_background_corrected.csv,7,IWR,14.5
666,59,1191,641,233.5116209994802,1112.591520011881,2003,1637,142.08281973218484,129.7437439667335,91.42880126729536,982.8477760451474,RSPO,TopFLASH,Position 7_RSPO_TOPFLASH_max_background_corrected.csv,7,IWR,14.75
667,60,1212,602,231.7924803841489,1035.5458280735625,1952,1692,141.91057152050692,130.402391029925,89.881908863642,905.1434370436376,RSPO,TopFLASH,Position 7_RSPO_TOPFLASH_max_background_corrected.csv,7,IWR,15.0
668,61,1212,602,231.21068785426104,997.8490631420016,1990,1752,142.30736862948936,131.29442340536124,88.90331922477168,866.5546397366402,RSPO,TopFLASH,Position 7_RSPO_TOPFLASH_max_background_corrected.csv,7,IWR,15.25
669,62,1182,568,230.30110640825723,872.2075938714388,2029,1769,142.72218509442837,131.78658944085544,87.57892131382886,740.4210044305834,RSPO,TopFLASH,Position 7_RSPO_TOPFLASH_max_background_corrected.csv,7,IWR,15.5
670,63,1187,555,228.4307814163016,848.6462463800401,1960,1761,142.13814014504592,130.92495235266455,86.29264127125566,717.7212940273755,RSPO,TopFLASH,Position 7_RSPO_TOPFLASH_max_background_corrected.csv,7,IWR,15.75
671,64,1200,577,226.6257765896884,873.0938838147571,1965,1799,142.86611717531744,131.79941090567064,83.75965941437093,741.2944729090864,RSPO,TopFLASH,Position 7_RSPO_TOPFLASH_max_background_corrected.csv,7,IWR,16.0
672,65,1178,530,225.6703794460533,786.4360535630307,1896,1820,141.56186728051287,130.94797158486176,84.10851216554045,655.4880819781689,RSPO,TopFLASH,Position 7_RSPO_TOPFLASH_max_background_corrected.csv,7,IWR,16.25
673,66,1178,547,224.72181381648969,778.6087473082349,1939,1795,142.32276428801268,131.38397564416724,82.39904952847701,647.2247716640677,RSPO,TopFLASH,Position 7_RSPO_TOPFLASH_max_background_corrected.csv,7,IWR,16.5
674,67,1174,538,223.2573698670825,755.4116977302542,2029,1756,142.35325858270835,131.17635702086582,80.90411128437415,624.2353407093884,RSPO,TopFLASH,Position 7_RSPO_TOPFLASH_max_background_corrected.csv,7,IWR,16.75
675,68,1174,538,222.2786069651741,737.8889631444766,1960,1744,142.03418232221975,130.97653523427638,80.24442464295439,606.9124279102002,RSPO,TopFLASH,Position 7_RSPO_TOPFLASH_max_background_corrected.csv,7,IWR,17.0
676,69,1174,538,223.7236949580456,747.408430484394,1960,1744,142.1525457290661,131.07700304447908,81.5711492289795,616.3314274399149,RSPO,TopFLASH,Position 7_RSPO_TOPFLASH_max_background_corrected.csv,7,IWR,17.25
677,70,1174,538,222.3501645998861,713.746763693968,1960,1744,142.0174005593921,131.12017029281452,80.33276404049406,582.6265934011535,RSPO,TopFLASH,Position 7_RSPO_TOPFLASH_max_background_corrected.csv,7,IWR,17.5
678,71,1174,538,222.47204277121853,712.6693893715502,1952,1761,142.2923937526299,131.3537536199599,80.17964901858863,581.3156357515903,RSPO,TopFLASH,Position 7_RSPO_TOPFLASH_max_background_corrected.csv,7,IWR,17.75
679,72,1174,538,223.41637583228135,709.9557931734363,1960,1692,142.51402193015025,131.3212296725329,80.90235390213113,578.6345635009034,RSPO,TopFLASH,Position 7_RSPO_TOPFLASH_max_background_corrected.csv,7,IWR,18.0
680,73,1174,538,225.93215514467465,704.753149674513,1960,1692,143.03309324026634,131.45008786911214,82.89906190440828,573.3030618054008,RSPO,TopFLASH,Position 7_RSPO_TOPFLASH_max_background_corrected.csv,7,IWR,18.25
681,74,1174,538,227.9814608549293,700.1248236429791,1965,1692,143.60345040964333,131.50384891463082,84.37801044528601,568.6209747283483,RSPO,TopFLASH,Position 7_RSPO_TOPFLASH_max_background_corrected.csv,7,IWR,18.5
682,75,1174,538,230.7441647483973,671.0495284770179,1965,1692,144.1404915719908,132.14893195712978,86.60367317640652,538.9005965198882,RSPO,TopFLASH,Position 7_RSPO_TOPFLASH_max_background_corrected.csv,7,IWR,18.75
683,76,1174,538,231.89646295883765,670.188361674216,1969,1697,144.880795029826,131.82200935620406,87.01566792901164,538.366352318012,RSPO,TopFLASH,Position 7_RSPO_TOPFLASH_max_background_corrected.csv,7,IWR,19.0
684,1,952,1042,314.6633004133561,3891.0436127818616,1986,2056,150.24457315412985,138.45607781985595,164.41872725922627,3752.5875349620055,RSPO,TopFLASH,Position 8_RSPO_TOPFLASH_max_background_corrected.csv,8,IWR,0.25
685,2,935,1064,306.7439914853593,3855.36565926586,1943,2081,149.07284473156605,137.52795722878147,157.67114675379324,3717.837702037079,RSPO,TopFLASH,Position 8_RSPO_TOPFLASH_max_background_corrected.csv,8,IWR,0.5
686,3,930,1055,302.3864755822876,3651.0832900175737,1939,2064,149.022152917007,137.56008514640726,153.36432266528058,3513.5232048711664,RSPO,TopFLASH,Position 8_RSPO_TOPFLASH_max_background_corrected.csv,8,IWR,0.75
687,4,943,1068,297.8079502982599,3500.379124279102,1939,2064,148.61614811514568,137.39469320066334,149.19180218311425,3362.984431078439,RSPO,TopFLASH,Position 8_RSPO_TOPFLASH_max_background_corrected.csv,8,IWR,1.0
688,5,930,1064,290.80007920596023,3405.189945793421,1939,2064,148.8283705848865,137.36167421598475,141.97170862107373,3267.828271577436,RSPO,TopFLASH,Position 8_RSPO_TOPFLASH_max_background_corrected.csv,8,IWR,1.25
689,6,930,1064,287.85935991683374,3357.712111086359,1939,2064,148.46342912304152,137.30506670626966,139.39593079379222,3220.407044380089,RSPO,TopFLASH,Position 8_RSPO_TOPFLASH_max_background_corrected.csv,8,IWR,1.5
690,7,905,1060,284.1299967822579,3305.301824212272,1956,2111,148.56058018365883,137.56124848394842,135.56941659859905,3167.740575728324,RSPO,TopFLASH,Position 8_RSPO_TOPFLASH_max_background_corrected.csv,8,IWR,1.75
691,8,926,1072,284.9899259919309,3327.0013613524416,1956,2073,148.7533971931388,137.84851860102472,136.23652879879208,3189.1528427514168,RSPO,TopFLASH,Position 8_RSPO_TOPFLASH_max_background_corrected.csv,8,IWR,2.0
692,9,926,1072,286.6267419123289,3285.044083067251,1956,2094,148.45550852701666,137.8401277196109,138.17123338531223,3147.20395534764,RSPO,TopFLASH,Position 8_RSPO_TOPFLASH_max_background_corrected.csv,8,IWR,2.25
693,10,926,1072,287.15014479839607,3150.683299918319,1943,2094,148.19982178658944,137.45951832875423,138.95032301180663,3013.2237815895646,RSPO,TopFLASH,Position 8_RSPO_TOPFLASH_max_background_corrected.csv,8,IWR,2.5
694,11,939,1098,286.1039825746888,3056.510036880275,1943,2090,148.1048241380164,137.42882601915795,137.99915843667236,2919.081210861117,RSPO,TopFLASH,Position 8_RSPO_TOPFLASH_max_background_corrected.csv,8,IWR,2.75
695,12,943,1098,288.56139699512386,3057.610504690478,1943,2090,148.2473948664637,137.2568748298309,140.31400212866015,2920.3536298606477,RSPO,TopFLASH,Position 8_RSPO_TOPFLASH_max_background_corrected.csv,8,IWR,3.0
696,13,943,1098,290.377366896859,3074.8077027796344,1973,2051,149.00158411920498,138.4155342689537,141.375782777654,2936.3921685106807,RSPO,TopFLASH,Position 8_RSPO_TOPFLASH_max_background_corrected.csv,8,IWR,3.25
697,14,917,1072,288.6350337862924,2931.035939704462,1973,2047,148.86651320511868,138.18286676072375,139.76852058117373,2792.853072943739,RSPO,TopFLASH,Position 8_RSPO_TOPFLASH_max_background_corrected.csv,8,IWR,3.5
698,15,917,1072,289.6632756614935,2846.078463404371,1973,2051,148.64669191356649,138.11472488304744,141.01658374792703,2707.963738521324,RSPO,TopFLASH,Position 8_RSPO_TOPFLASH_max_background_corrected.csv,8,IWR,3.75
699,16,917,1085,288.84973144229104,2791.029801242544,1973,2051,148.70943788520086,138.263904358803,140.1402935570902,2652.765896883741,RSPO,TopFLASH,Position 8_RSPO_TOPFLASH_max_background_corrected.csv,8,IWR,4.0
700,17,917,1098,287.61721244523653,2780.211900695527,1969,2056,148.4700873740749,138.32291279918817,139.14712507116164,2641.888987896339,RSPO,TopFLASH,Position 8_RSPO_TOPFLASH_max_background_corrected.csv,8,IWR,4.25
701,18,905,1090,284.19071310116084,2676.7292146234004,1978,2056,148.73285314719934,138.4908046830524,135.4578599539615,2538.238409940348,RSPO,TopFLASH,Position 8_RSPO_TOPFLASH_max_background_corrected.csv,8,IWR,4.5
702,19,905,1090,284.1080913838766,2679.1723967228536,1978,2056,148.72473453627384,138.43766243409817,135.38335684760278,2540.734734288756,RSPO,TopFLASH,Position 8_RSPO_TOPFLASH_max_background_corrected.csv,8,IWR,4.75
703,20,926,1090,290.8648300784634,2621.0517808965124,1978,2056,148.44840474245686,138.18395584267716,142.41642533600654,2482.867825053835,RSPO,TopFLASH,Position 8_RSPO_TOPFLASH_max_background_corrected.csv,8,IWR,5.0
704,21,909,1090,288.1796985223138,2546.564589985396,1986,2064,148.49372540283656,138.57048092868988,139.68597311947724,2407.9941090567063,RSPO,TopFLASH,Position 8_RSPO_TOPFLASH_max_background_corrected.csv,8,IWR,5.25
705,22,909,1090,288.7635702086582,2506.465706294399,1965,2073,148.00249993812034,138.14420435137745,140.76107027053789,2368.3215019430213,RSPO,TopFLASH,Position 8_RSPO_TOPFLASH_max_background_corrected.csv,8,IWR,5.5
706,23,909,1090,290.4711764560284,2451.449865102349,1965,2077,148.1575456053068,137.88772555134773,142.31363085072152,2313.5621395510016,RSPO,TopFLASH,Position 8_RSPO_TOPFLASH_max_background_corrected.csv,8,IWR,5.75
707,24,909,1090,290.10586371624464,2404.2214549144824,1926,2081,147.0820029207198,136.80817306502314,143.02386079552485,2267.413281849459,RSPO,TopFLASH,Position 8_RSPO_TOPFLASH_max_background_corrected.csv,8,IWR,6.0
708,25,909,1090,287.87341897477785,2330.3591742778644,1926,2081,146.384223162793,136.22930125491942,141.48919581198484,2194.129873022945,RSPO,TopFLASH,Position 8_RSPO_TOPFLASH_max_background_corrected.csv,8,IWR,6.25
709,26,909,1090,286.7490903690503,2243.114130838346,1913,2077,145.86131531397737,135.52996212965024,140.88777505507292,2107.5841687086954,RSPO,TopFLASH,Position 8_RSPO_TOPFLASH_max_background_corrected.csv,8,IWR,6.5
710,27,909,1090,287.7719858419346,2169.593079379223,1913,2077,145.78500532165046,135.50120046533502,141.98698052028416,2034.091878913888,RSPO,TopFLASH,Position 8_RSPO_TOPFLASH_max_background_corrected.csv,8,IWR,6.75
711,28,909,1090,285.56241182148955,2119.59602485087,1922,2077,145.62837553525904,135.75817430261628,139.9340362862305,1983.8378505482535,RSPO,TopFLASH,Position 8_RSPO_TOPFLASH_max_background_corrected.csv,8,IWR,7.0
712,29,909,1090,284.9462142026188,2036.3929110665576,1926,2077,145.71852181876687,135.73052647211702,139.2276923838519,1900.662384594441,RSPO,TopFLASH,Position 8_RSPO_TOPFLASH_max_background_corrected.csv,8,IWR,7.25
713,30,909,1090,284.0525977079775,2025.5001856389688,1926,2077,145.44407316650577,135.45432043761292,138.60852454147172,1890.0458652013565,RSPO,TopFLASH,Position 8_RSPO_TOPFLASH_max_background_corrected.csv,8,IWR,7.5
714,31,909,1090,286.3129625504319,2010.0421276701072,1918,2073,145.15650602707854,135.42862800425732,141.15645652335337,1874.61349966585,RSPO,TopFLASH,Position 8_RSPO_TOPFLASH_max_background_corrected.csv,8,IWR,7.75
715,32,909,1090,284.7272592262568,1964.982252914532,1918,2073,144.9945793420955,135.6308259696542,139.73267988416126,1829.3514269448772,RSPO,TopFLASH,Position 8_RSPO_TOPFLASH_max_background_corrected.csv,8,IWR,8.0
716,33,909,1090,286.673795203089,2028.7945595406052,1918,2073,144.8399049528477,135.36224350882404,141.83389025024132,1893.4323160317813,RSPO,TopFLASH,Position 8_RSPO_TOPFLASH_max_background_corrected.csv,8,IWR,8.25
717,34,888,1115,281.2038810920522,1945.2437563426647,1918,2073,144.5922625677582,135.3290512611074,136.611618524294,1809.9147050815573,RSPO,TopFLASH,Position 8_RSPO_TOPFLASH_max_background_corrected.csv,8,IWR,8.5
718,35,853,1115,279.6420138115393,1965.4956065443928,1922,2026,144.84121680156431,135.0370040345536,134.800797009975,1830.458602509839,RSPO,TopFLASH,Position 8_RSPO_TOPFLASH_max_background_corrected.csv,8,IWR,8.75
719,36,853,1115,282.9273037796094,1958.8192618994576,1922,1974,144.71134377861935,134.811638325784,138.2159600009901,1824.0076235736735,RSPO,TopFLASH,Position 8_RSPO_TOPFLASH_max_background_corrected.csv,8,IWR,9.0
720,37,853,1115,288.15747134971906,1975.4221182643996,1922,1979,144.39414865968664,134.8566372119502,143.76332269003242,1840.5654810524493,RSPO,TopFLASH,Position 8_RSPO_TOPFLASH_max_background_corrected.csv,8,IWR,9.25
721,38,776,1166,279.4100641073241,2216.93527387936,1922,1979,144.50162124699884,134.7269869557684,134.90844286032527,2082.208286923591,RSPO,TopFLASH,Position 8_RSPO_TOPFLASH_max_background_corrected.csv,8,IWR,9.5
722,39,764,1094,280.4504343951882,2039.4091482884087,1922,1979,144.2560332665033,134.58845078092128,136.19440112868492,1904.8206975074877,RSPO,TopFLASH,Position 8_RSPO_TOPFLASH_max_background_corrected.csv,8,IWR,9.75
723,40,772,1124,279.8842602905869,2096.9715848617607,1909,1979,144.16227321105913,134.21794014999628,135.72198707952776,1962.7536447117643,RSPO,TopFLASH,Position 8_RSPO_TOPFLASH_max_background_corrected.csv,8,IWR,10.0
724,41,759,1149,278.91232890274995,2176.1496002574195,1909,1979,143.92163560307912,134.36152570480928,134.99069329967082,2041.7880745526104,RSPO,TopFLASH,Position 8_RSPO_TOPFLASH_max_background_corrected.csv,8,IWR,10.25
725,42,853,1128,281.65983515259524,1796.0152471473475,1909,1979,143.99831687334472,134.25291453181853,137.66151827925052,1661.7623326155292,RSPO,TopFLASH,Position 8_RSPO_TOPFLASH_max_background_corrected.csv,8,IWR,10.5
726,43,734,1128,274.50959134674883,2027.4580827207249,1909,1979,144.034108066632,134.39105467686443,130.47548328011683,1893.0670280438603,RSPO,TopFLASH,Position 8_RSPO_TOPFLASH_max_background_corrected.csv,8,IWR,10.75
727,44,751,1132,271.525110764585,1928.1882626667657,1909,1979,143.88230489344323,134.2264795425856,127.64280587114176,1793.96178312418,RSPO,TopFLASH,Position 8_RSPO_TOPFLASH_max_background_corrected.csv,8,IWR,11.0
728,45,738,1137,269.708200292072,1996.090666072622,2059,1936,145.11519516843643,136.2776416425336,124.59300512363556,1859.8130244300885,RSPO,TopFLASH,Position 8_RSPO_TOPFLASH_max_background_corrected.csv,8,IWR,11.25
729,46,738,1137,269.4375139229227,1936.705947872577,2055,1966,145.06564193955597,136.7750798247568,124.37187198336672,1799.9308680478205,RSPO,TopFLASH,Position 8_RSPO_TOPFLASH_max_background_corrected.csv,8,IWR,11.5
730,47,738,1132,266.86832009108684,1793.62387069627,2050,1970,144.65394420930176,136.9708670577461,122.21437588178507,1656.6530036385238,RSPO,TopFLASH,Position 8_RSPO_TOPFLASH_max_background_corrected.csv,8,IWR,11.75
731,48,734,1132,263.9595554565481,1718.449964109799,1999,2013,144.63842479146555,137.27583475656544,119.32113066508256,1581.174129353234,RSPO,TopFLASH,Position 8_RSPO_TOPFLASH_max_background_corrected.csv,8,IWR,12.0
732,49,734,1132,261.8682705873617,1642.141531150219,1982,2004,144.46961708868594,137.1983119229722,117.39865349867574,1504.9432192272468,RSPO,TopFLASH,Position 8_RSPO_TOPFLASH_max_background_corrected.csv,8,IWR,12.25
733,50,734,1137,261.0519294076879,1601.8410187866637,1982,2004,144.04512264547907,136.84364248409693,117.00680676220884,1464.9973763025666,RSPO,TopFLASH,Position 8_RSPO_TOPFLASH_max_background_corrected.csv,8,IWR,12.5
734,51,729,1111,259.35924853345216,1423.636345635009,1982,2004,143.9450756169402,136.8675032796218,115.41417291651196,1286.7688423553873,RSPO,TopFLASH,Position 8_RSPO_TOPFLASH_max_background_corrected.csv,8,IWR,12.75
735,52,729,1107,256.99363877131753,1336.2826167669118,1982,2004,143.98155986237964,136.84879087151307,113.0120789089379,1199.4338258953987,RSPO,TopFLASH,Position 8_RSPO_TOPFLASH_max_background_corrected.csv,8,IWR,13.0
736,53,729,1094,254.53152149699264,1305.8602509838863,1982,2004,143.8203014776862,136.80728199797034,110.71122001930644,1169.0529689859163,RSPO,TopFLASH,Position 8_RSPO_TOPFLASH_max_background_corrected.csv,8,IWR,13.25
737,54,729,1094,252.2541521249474,1295.7237444617708,1982,2004,143.55159525754314,136.85893913516992,108.70255686740428,1158.8648053266008,RSPO,TopFLASH,Position 8_RSPO_TOPFLASH_max_background_corrected.csv,8,IWR,13.5
738,55,729,1094,251.90210638350536,1276.5511497240168,1918,1974,142.230439840598,134.11200217816392,109.67166654290736,1142.4391475458528,RSPO,TopFLASH,Position 8_RSPO_TOPFLASH_max_background_corrected.csv,8,IWR,13.75
739,56,729,1094,250.2704140986609,1295.6369396797108,1918,1974,142.28345833023934,134.32929877973316,107.98695576842158,1161.3076408999775,RSPO,TopFLASH,Position 8_RSPO_TOPFLASH_max_background_corrected.csv,8,IWR,14.0
740,57,725,1068,251.6041434617955,1180.41914804089,1918,1974,142.25187495359026,134.66030543798422,109.35226850820524,1045.758842602906,RSPO,TopFLASH,Position 8_RSPO_TOPFLASH_max_background_corrected.csv,8,IWR,14.25
741,58,691,1072,245.30571025469663,1281.331650206678,1918,1974,142.12356129798766,134.19551496250094,103.182148956709,1147.136135244177,RSPO,TopFLASH,Position 8_RSPO_TOPFLASH_max_background_corrected.csv,8,IWR,14.5
742,59,712,1072,246.73347194376376,1163.3795698126285,1918,1974,142.1629662632113,134.46459246058265,104.57050568055246,1028.9149773520458,RSPO,TopFLASH,Position 8_RSPO_TOPFLASH_max_background_corrected.csv,8,IWR,14.75
743,60,712,1072,246.8991856637212,1175.4660528204747,1918,1974,141.93782332120492,134.01027202296973,104.96136234251628,1041.455780797505,RSPO,TopFLASH,Position 8_RSPO_TOPFLASH_max_background_corrected.csv,8,IWR,15.0
744,61,712,1072,244.37313432835825,1113.1949951733868,1918,1974,141.87054775871886,134.07873567485953,102.50258656963936,979.1162594985273,RSPO,TopFLASH,Position 8_RSPO_TOPFLASH_max_background_corrected.csv,8,IWR,15.25
745,62,712,1072,246.9933665008292,1110.6185985495408,1918,1974,141.79871785351847,134.2109601247494,105.19464864731071,976.4076384247916,RSPO,TopFLASH,Position 8_RSPO_TOPFLASH_max_background_corrected.csv,8,IWR,15.5
746,63,712,1072,245.55312987302293,1091.7444865226107,1918,1974,141.6275339719314,134.21118289151258,103.92559590109155,957.533303631098,RSPO,TopFLASH,Position 8_RSPO_TOPFLASH_max_background_corrected.csv,8,IWR,15.75
747,64,712,1072,245.3625157793124,1076.7029528972057,1918,1974,141.90507660701468,134.5240464344942,103.45743917229773,942.1789064627112,RSPO,TopFLASH,Position 8_RSPO_TOPFLASH_max_background_corrected.csv,8,IWR,16.0
748,65,712,1072,246.90143808321577,1062.442018761912,1982,1974,142.35338234202123,136.34850622509344,104.54805574119452,926.0935125368184,RSPO,TopFLASH,Position 8_RSPO_TOPFLASH_max_background_corrected.csv,8,IWR,16.25
749,66,712,1072,245.22680131679908,999.799386153808,1918,2000,141.42704388505234,134.56788198311924,103.79975743174674,865.2315041706888,RSPO,TopFLASH,Position 8_RSPO_TOPFLASH_max_background_corrected.csv,8,IWR,16.5
750,67,712,1072,244.2677408975025,981.3081111853668,1931,2000,141.75379322294003,135.0444048414643,102.5139476745625,846.2637063439024,RSPO,TopFLASH,Position 8_RSPO_TOPFLASH_max_background_corrected.csv,8,IWR,16.75
751,68,712,1072,241.89168584936016,953.6715922873196,1931,2000,141.73025420162867,134.86193411054182,100.16143164773148,818.8096581767778,RSPO,TopFLASH,Position 8_RSPO_TOPFLASH_max_background_corrected.csv,8,IWR,17.0
752,69,712,1072,240.18222321229672,923.6178064899384,1931,2000,141.76733249177,135.0401970248261,98.41489072052671,788.5776094651123,RSPO,TopFLASH,Position 8_RSPO_TOPFLASH_max_background_corrected.csv,8,IWR,17.25
753,70,712,1072,239.91146258755973,933.3219474765476,1931,2000,141.73644216727308,134.7543872676419,98.17502042028664,798.5675602089057,RSPO,TopFLASH,Position 8_RSPO_TOPFLASH_max_background_corrected.csv,8,IWR,17.5
754,71,712,1072,241.877453528378,912.3429865597386,1931,2000,141.8809187891389,135.04784535036262,99.99653473923912,777.295141209376,RSPO,TopFLASH,Position 8_RSPO_TOPFLASH_max_background_corrected.csv,8,IWR,17.75
755,72,712,1072,240.5894656072869,915.336526323606,1931,2000,142.1472488304745,135.5645652335338,98.44221677681244,779.7719610900721,RSPO,TopFLASH,Position 8_RSPO_TOPFLASH_max_background_corrected.csv,8,IWR,18.0
756,73,712,1072,242.75211009628475,909.3052152174452,1931,2000,142.65649365114726,136.0172768000792,100.0956164451375,773.2879384173659,RSPO,TopFLASH,Position 8_RSPO_TOPFLASH_max_background_corrected.csv,8,IWR,18.25
757,74,712,1072,245.46654785772628,859.8147075567437,1931,2000,143.14252122472217,136.0605183040024,102.32402663300412,723.7541892527413,RSPO,TopFLASH,Position 8_RSPO_TOPFLASH_max_background_corrected.csv,8,IWR,18.5
758,75,712,1072,248.59468825029083,821.2311081408876,1931,2000,143.6239697037202,135.92992747704264,104.97071854657062,685.301180663845,RSPO,TopFLASH,Position 8_RSPO_TOPFLASH_max_background_corrected.csv,8,IWR,18.75
759,76,712,1072,252.93495210514592,834.6373852132373,1948,1983,144.34179847033488,136.30516571371996,108.59315363481105,698.3322194995174,RSPO,TopFLASH,Position 8_RSPO_TOPFLASH_max_background_corrected.csv,8,IWR,19.0
760,1,1319,1265,324.69825004331574,3617.248409692829,2012,1675,144.40610380931165,134.12512066533006,180.2921462340041,3483.123289027499,RSPO,TopFLASH,Position 9_RSPO_TOPFLASH_max_background_corrected.csv,9,IWR,0.25
761,2,1319,1265,322.0301725204821,3527.3580356921857,2127,1658,142.7770847256256,133.46127571099726,179.25308779485655,3393.896759981189,RSPO,TopFLASH,Position 9_RSPO_TOPFLASH_max_background_corrected.csv,9,IWR,0.5
762,3,1319,1265,321.73493230365585,3445.3122199945547,2084,1671,143.58931709611147,134.3366995866439,178.14561520754438,3310.9755204079106,RSPO,TopFLASH,Position 9_RSPO_TOPFLASH_max_background_corrected.csv,9,IWR,0.75
763,4,1319,1265,321.61040568302764,3245.806564193956,2029,1675,144.1842033613029,134.99707928021584,177.4262023217247,3110.80948491374,RSPO,TopFLASH,Position 9_RSPO_TOPFLASH_max_background_corrected.csv,9,IWR,1.0
764,5,1315,1265,321.8509690354199,3130.273928863147,2037,1671,144.42550926957253,135.24180094552116,177.42545976584736,2995.032127917626,RSPO,TopFLASH,Position 9_RSPO_TOPFLASH_max_background_corrected.csv,9,IWR,1.25
765,6,1315,1265,320.2418752011089,3038.1089329472043,2037,1684,144.673151654662,135.19118338654982,175.56872354644688,2902.9177495606546,RSPO,TopFLASH,Position 9_RSPO_TOPFLASH_max_background_corrected.csv,9,IWR,1.5
766,7,1315,1265,317.8280735625356,3061.3880597014927,2025,1675,144.65409272047722,135.2308853741244,173.17398084205834,2926.1571743273685,RSPO,TopFLASH,Position 9_RSPO_TOPFLASH_max_background_corrected.csv,9,IWR,1.75
767,8,1315,1265,318.69738372812554,3042.4920175243187,2033,1692,144.92042276181283,135.2061830152719,173.7769609663127,2907.2858345090467,RSPO,TopFLASH,Position 9_RSPO_TOPFLASH_max_background_corrected.csv,9,IWR,2.0
768,9,1315,1265,321.05343927130514,3011.2936560976214,1999,1773,146.14692705626098,134.48323061310364,174.90651221504416,2876.810425484517,RSPO,TopFLASH,Position 9_RSPO_TOPFLASH_max_background_corrected.csv,9,IWR,2.25
769,10,1315,1265,322.32957105022155,2926.5475854558053,1969,1739,145.82257864904335,134.37932229400263,176.5069924011782,2792.1682631618028,RSPO,TopFLASH,Position 9_RSPO_TOPFLASH_max_background_corrected.csv,9,IWR,2.5
770,11,1315,1265,322.17333729363133,2747.784683547437,1969,1739,145.88327021608376,134.7560456424346,176.29006707754758,2613.0286379050026,RSPO,TopFLASH,Position 9_RSPO_TOPFLASH_max_background_corrected.csv,9,IWR,2.75
771,12,1315,1265,320.0164847404767,2645.772604638499,1952,1731,145.7857478775278,135.82136580777703,174.2307368629489,2509.951238830722,RSPO,TopFLASH,Position 9_RSPO_TOPFLASH_max_background_corrected.csv,9,IWR,3.0
772,13,1482,1239,339.06019652978887,3587.600183163783,1960,1718,146.29001757382244,137.2360832652657,192.77017895596643,3450.364099898517,RSPO,TopFLASH,Position 9_RSPO_TOPFLASH_max_background_corrected.csv,9,IWR,3.25
773,14,1499,1226,337.76703546941906,3519.170763099923,1960,1722,146.51313086309744,138.5643919704958,191.2539046063216,3380.6063711294278,RSPO,TopFLASH,Position 9_RSPO_TOPFLASH_max_background_corrected.csv,9,IWR,3.5
774,15,1482,1226,335.77173832330885,3392.078884186035,1956,1718,147.0619291601693,139.4050642310834,188.70980916313957,3252.673819954952,RSPO,TopFLASH,Position 9_RSPO_TOPFLASH_max_background_corrected.csv,9,IWR,3.75
775,16,1482,1226,331.94314497165914,3228.6339447043392,1956,1718,147.52429395311998,139.38051038340635,184.4188510185392,3089.2534343209327,RSPO,TopFLASH,Position 9_RSPO_TOPFLASH_max_background_corrected.csv,9,IWR,4.0
776,17,1524,1226,329.5576347120121,3218.5835251602684,1956,1718,147.59731194772408,144.50090344298408,181.960322764288,3074.0826217172844,RSPO,TopFLASH,Position 9_RSPO_TOPFLASH_max_background_corrected.csv,9,IWR,4.25
777,18,1584,1226,327.9309670552709,3282.6853048191874,1956,1731,147.98844088017623,144.6420633152645,179.94252617509468,3138.043241503923,RSPO,TopFLASH,Position 9_RSPO_TOPFLASH_max_background_corrected.csv,9,IWR,4.5
778,19,1589,1192,325.54761020766813,3120.3806341427194,1956,1731,147.46031038835673,137.47823073686294,178.0872998193114,2982.9024034058566,RSPO,TopFLASH,Position 9_RSPO_TOPFLASH_max_background_corrected.csv,9,IWR,4.75
779,20,1593,1205,323.67334966956264,3075.079428727012,1956,1731,147.10257171852183,134.88430979431203,176.5707779510408,2940.1951189327,RSPO,TopFLASH,Position 9_RSPO_TOPFLASH_max_background_corrected.csv,9,IWR,5.0
780,21,1636,1218,320.82136580777706,3217.254226380536,1965,1808,147.82485582040047,135.00326724586026,172.99650998737658,3082.250959134675,RSPO,TopFLASH,Position 9_RSPO_TOPFLASH_max_background_corrected.csv,9,IWR,5.25
781,22,1661,1226,320.2487562189055,3248.67792876414,1999,1795,147.91839310908145,134.84483057350064,172.33036310982405,3113.833098190639,RSPO,TopFLASH,Position 9_RSPO_TOPFLASH_max_background_corrected.csv,9,IWR,5.5
782,23,1695,1201,317.1084874136779,3128.7665651840302,1973,1731,147.4721665305314,135.76683745451845,169.63632088314648,2992.999727729512,RSPO,TopFLASH,Position 9_RSPO_TOPFLASH_max_background_corrected.csv,9,IWR,5.75
783,24,1683,1179,309.12724932551174,2925.203064280587,2016,1761,147.4014999628722,135.07616148115144,161.72574936263953,2790.126902799436,RSPO,TopFLASH,Position 9_RSPO_TOPFLASH_max_background_corrected.csv,9,IWR,6.0
784,25,1700,1256,310.6521373233336,3108.699586643895,2059,1812,147.3499913368481,135.1017054033316,163.3021459864855,2973.597881240564,RSPO,TopFLASH,Position 9_RSPO_TOPFLASH_max_background_corrected.csv,9,IWR,6.25
785,26,1747,1201,302.4450137372837,2982.7503527140416,2050,1867,147.6381525209772,135.78386673597188,154.80686121630652,2846.9664859780696,RSPO,TopFLASH,Position 9_RSPO_TOPFLASH_max_background_corrected.csv,9,IWR,6.5
786,27,1738,1226,299.65914210044303,2898.680700972748,1986,1889,147.719041607881,135.99648523551397,151.94010049256204,2762.6842157372344,RSPO,TopFLASH,Position 9_RSPO_TOPFLASH_max_background_corrected.csv,9,IWR,6.75
787,28,1751,1162,292.6599836637707,2683.3629365609763,1982,1949,147.76805029578475,137.19603475161506,144.89193336798593,2546.166901809361,RSPO,TopFLASH,Position 9_RSPO_TOPFLASH_max_background_corrected.csv,9,IWR,7.0
788,29,1807,1188,296.3214524392961,2910.4093958070343,1982,1927,147.4654092720477,136.49414618450038,148.85604316724837,2773.915249622534,RSPO,TopFLASH,Position 9_RSPO_TOPFLASH_max_background_corrected.csv,9,IWR,7.25
789,30,1807,1188,292.0404692953145,2735.6138709437887,1982,1927,147.086210737358,136.16328803742482,144.9542585579565,2599.450582906364,RSPO,TopFLASH,Position 9_RSPO_TOPFLASH_max_background_corrected.csv,9,IWR,7.5
790,31,1789,1175,284.8508700279696,2511.9671542783594,1982,1927,147.07289423529122,136.49261156902057,137.7779757926784,2375.474542709339,RSPO,TopFLASH,Position 9_RSPO_TOPFLASH_max_background_corrected.csv,9,IWR,7.75
791,32,1781,1175,278.95670899235165,2378.896957996089,1982,1927,146.80597014925374,136.4641964307814,132.1507388430979,2242.4327615653074,RSPO,TopFLASH,Position 9_RSPO_TOPFLASH_max_background_corrected.csv,9,IWR,8.0
792,33,1858,1175,288.9915843667236,2642.715873369471,1982,1927,146.92314546669638,136.4677606989926,142.06843890002722,2506.2481126704783,RSPO,TopFLASH,Position 9_RSPO_TOPFLASH_max_background_corrected.csv,9,IWR,8.25
793,34,1871,1175,288.3937526298854,2541.1582139055963,1918,1889,145.26095888715625,134.72040296032276,143.13279374272915,2406.4378109452737,RSPO,TopFLASH,Position 9_RSPO_TOPFLASH_max_background_corrected.csv,9,IWR,8.5
794,35,1931,1175,294.9531447241405,2573.1767282988044,1935,1932,146.0397762431623,135.49570555184278,148.9133684809782,2437.6810227469614,RSPO,TopFLASH,Position 9_RSPO_TOPFLASH_max_background_corrected.csv,9,IWR,8.75
795,36,1879,1098,280.53214029355706,2211.8454988737903,1978,1940,146.60966312715033,136.47946832999185,133.92247716640674,2075.3660305437984,RSPO,TopFLASH,Position 9_RSPO_TOPFLASH_max_background_corrected.csv,9,IWR,9.0
796,37,1905,1119,281.19360906908247,2275.6885225613228,1918,2000,145.41407390906167,136.1567535457043,135.7795351600208,2139.5317690156185,RSPO,TopFLASH,Position 9_RSPO_TOPFLASH_max_background_corrected.csv,9,IWR,9.25
797,38,1922,1132,279.7518130739338,2269.4159798024803,1956,1970,146.18021831142792,136.666295388728,133.5715947625059,2132.749684413752,RSPO,TopFLASH,Position 9_RSPO_TOPFLASH_max_background_corrected.csv,9,IWR,9.5
798,39,1922,1132,276.7097101556892,2126.5474616964925,1982,2034,146.53181851934357,137.8852256132274,130.17789163634563,1988.662236083265,RSPO,TopFLASH,Position 9_RSPO_TOPFLASH_max_background_corrected.csv,9,IWR,9.75
799,40,1926,1141,273.704215242197,2015.2291032400187,2007,1927,146.33120467315166,136.49330462117274,127.37301056904532,1878.735798618846,RSPO,TopFLASH,Position 9_RSPO_TOPFLASH_max_background_corrected.csv,9,IWR,10.0
800,41,1956,1124,274.65231058637164,2021.680082176184,1875,1962,143.6763693967971,134.00863840003962,130.97594118957454,1887.671443776144,RSPO,TopFLASH,Position 9_RSPO_TOPFLASH_max_background_corrected.csv,9,IWR,10.25
801,42,1965,1098,272.2865523130616,1935.518378257964,1922,1949,144.71807628524047,135.57624811267047,127.5684760278211,1799.9421301452933,RSPO,TopFLASH,Position 9_RSPO_TOPFLASH_max_background_corrected.csv,9,IWR,10.5
802,43,1973,1060,269.06764684042474,1838.6055543179623,1922,1957,144.69082448454247,135.52820474740724,124.37682235588228,1703.0773495705553,RSPO,TopFLASH,Position 9_RSPO_TOPFLASH_max_background_corrected.csv,9,IWR,10.75
803,44,1973,1060,265.8853493725403,1774.801910843791,1909,2000,144.23479616841166,135.65711244771168,121.65055320412864,1639.1447983960793,RSPO,TopFLASH,Position 9_RSPO_TOPFLASH_max_background_corrected.csv,9,IWR,11.0
804,45,1999,1038,265.0648993836786,1803.760599985149,1909,2000,144.07329026509245,135.66780525234523,120.99160911858615,1668.0927947328037,RSPO,TopFLASH,Position 9_RSPO_TOPFLASH_max_background_corrected.csv,9,IWR,11.25
805,46,2007,1038,261.08135937229275,1724.4708051780897,1905,2013,143.98524788990372,135.29739362887057,117.09611148238903,1589.173411549219,RSPO,TopFLASH,Position 9_RSPO_TOPFLASH_max_background_corrected.csv,9,IWR,11.5
806,47,2042,1055,260.1956387218138,1803.2605876092173,1935,1970,144.37397589168586,135.86631519021807,115.82166283012792,1667.3942724189994,RSPO,TopFLASH,Position 9_RSPO_TOPFLASH_max_background_corrected.csv,9,IWR,11.75
807,48,2046,1064,255.80718299052003,1778.7289176010495,1956,1970,144.33687284968192,136.5957278285191,111.47031014083812,1642.1331897725304,RSPO,TopFLASH,Position 9_RSPO_TOPFLASH_max_background_corrected.csv,9,IWR,12.0
808,49,2123,919,256.1677433726888,1630.489839360412,1978,1970,145.01658374792703,137.2994975371897,111.15115962476176,1493.1903418232223,RSPO,TopFLASH,Position 9_RSPO_TOPFLASH_max_background_corrected.csv,9,IWR,12.25
809,50,2123,910,253.02997450558155,1621.7439172297716,2055,1983,144.95975347144872,137.49904705329075,108.07022103413284,1484.2448701764808,RSPO,TopFLASH,Position 9_RSPO_TOPFLASH_max_background_corrected.csv,9,IWR,12.5
810,51,2123,906,248.95321897972823,1524.8513403133586,1905,2064,143.44241479171308,135.8642855374867,105.51080418801516,1388.987054775872,RSPO,TopFLASH,Position 9_RSPO_TOPFLASH_max_background_corrected.csv,9,IWR,12.75
811,52,2123,906,246.19717333729363,1472.7303284572165,1948,2000,144.10937848073067,136.6249597782233,102.08779485656297,1336.1053686789933,RSPO,TopFLASH,Position 9_RSPO_TOPFLASH_max_background_corrected.csv,9,IWR,13.0
812,53,2102,906,240.3539516348605,1453.6702309348775,1922,1979,143.49362639538626,135.4768446325586,96.86032523947426,1318.1933863023191,RSPO,TopFLASH,Position 9_RSPO_TOPFLASH_max_background_corrected.csv,9,IWR,13.25
813,54,2102,901,235.82663795450608,1432.5908269597287,2007,1957,144.33499170812604,136.75102101433131,91.49164624638004,1295.8398059453973,RSPO,TopFLASH,Position 9_RSPO_TOPFLASH_max_background_corrected.csv,9,IWR,13.5
814,55,2102,901,231.22477166406773,1400.8028761664316,1939,1970,143.70347268631966,135.9911388331972,87.52129897774807,1264.8117373332343,RSPO,TopFLASH,Position 9_RSPO_TOPFLASH_max_background_corrected.csv,9,IWR,13.75
815,56,2102,901,225.73921437588177,1319.9547783470707,1948,1970,143.94118957451548,136.22843493972923,81.7980248013663,1183.7263434073416,RSPO,TopFLASH,Position 9_RSPO_TOPFLASH_max_background_corrected.csv,9,IWR,14.0
816,57,2102,897,220.2941511348729,1299.1478181233138,1935,2021,143.9758421821242,136.72852157124822,76.31830895274868,1162.4192965520656,RSPO,TopFLASH,Position 9_RSPO_TOPFLASH_max_background_corrected.csv,9,IWR,14.25
817,58,2114,829,217.95762481126704,1058.3339026261726,1892,2017,142.5483032598203,134.86933491745253,75.40932155144674,923.46456770872,RSPO,TopFLASH,Position 9_RSPO_TOPFLASH_max_background_corrected.csv,9,IWR,14.5
818,59,2067,863,214.71263087547337,1135.3832083364273,1943,1987,144.00655924358307,136.79433677384222,70.7060716318903,998.588871562585,RSPO,TopFLASH,Position 9_RSPO_TOPFLASH_max_background_corrected.csv,9,IWR,14.75
819,60,2063,850,212.9048538402515,1077.3882577163931,2012,2000,144.54162025692435,137.74478354496176,68.36323358332714,939.6434741714312,RSPO,TopFLASH,Position 9_RSPO_TOPFLASH_max_background_corrected.csv,9,IWR,15.0
820,61,2063,850,207.8528501769758,1049.9479220811363,1956,1953,143.4596668399297,136.21056409494815,64.39318333704611,913.7373579861884,RSPO,TopFLASH,Position 9_RSPO_TOPFLASH_max_background_corrected.csv,9,IWR,15.25
821,62,2136,773,197.08527016658005,703.9320066334992,1956,1927,143.58389643820698,135.93136308507215,53.50137372837307,568.0006435484271,RSPO,TopFLASH,Position 9_RSPO_TOPFLASH_max_background_corrected.csv,9,IWR,15.5
822,63,2123,705,208.94232816019405,853.4719437637682,1999,1872,143.30118066384497,135.37939654959035,65.6411474963491,718.0925472141778,RSPO,TopFLASH,Position 9_RSPO_TOPFLASH_max_background_corrected.csv,9,IWR,15.75
823,64,2089,735,205.05502339051012,815.9701740055939,1973,1897,143.7420855919408,136.15380807405757,61.31293779856935,679.8163659315363,RSPO,TopFLASH,Position 9_RSPO_TOPFLASH_max_background_corrected.csv,9,IWR,16.0
824,65,2072,688,212.46305784510284,892.589812133363,1935,1915,143.08514640726716,135.33412539293582,69.37791143783568,757.2556867404272,RSPO,TopFLASH,Position 9_RSPO_TOPFLASH_max_background_corrected.csv,9,IWR,16.25
825,66,2042,718,210.5627335957031,922.2053909556694,1986,1936,143.98643597930743,136.5216950075493,66.57629761639564,785.6836959481201,RSPO,TopFLASH,Position 9_RSPO_TOPFLASH_max_background_corrected.csv,9,IWR,16.5
826,67,2033,726,206.61889557189176,886.9557684215737,1986,1936,143.9541347986436,136.35632781366797,62.66476077324819,750.5994406079058,RSPO,TopFLASH,Position 9_RSPO_TOPFLASH_max_background_corrected.csv,9,IWR,16.75
827,68,2033,726,200.5226850820524,868.1791539813371,1986,1936,143.75436251577932,136.4470433900151,56.7683225662731,731.732110591322,RSPO,TopFLASH,Position 9_RSPO_TOPFLASH_max_background_corrected.csv,9,IWR,17.0
828,69,2033,726,195.3769213633326,814.2195737729264,1986,1936,143.80188609192842,136.35877824806315,51.575035271404175,677.8607955248633,RSPO,TopFLASH,Position 9_RSPO_TOPFLASH_max_background_corrected.csv,9,IWR,17.25
829,70,2033,726,190.38667359718815,765.6241182148957,1986,1936,143.7151555654563,136.53023440013862,46.67151803173186,629.0938838147571,RSPO,TopFLASH,Position 9_RSPO_TOPFLASH_max_background_corrected.csv,9,IWR,17.5
830,71,2033,726,185.98844088017623,728.0889829459667,1986,1936,144.019281700948,136.5597138684686,41.96915917922823,591.529269077498,RSPO,TopFLASH,Position 9_RSPO_TOPFLASH_max_background_corrected.csv,9,IWR,17.75
831,72,1978,701,191.5487240414841,812.1089576990669,1986,1936,144.64887007747333,136.66936461968763,46.89985396401079,675.4395930793793,RSPO,TopFLASH,Position 9_RSPO_TOPFLASH_max_background_corrected.csv,9,IWR,18.0
832,73,1973,688,189.87913665503328,816.6083512784337,1986,1936,145.05999851488824,137.37419865844905,44.81913814014504,679.2341526199847,RSPO,TopFLASH,Position 9_RSPO_TOPFLASH_max_background_corrected.csv,9,IWR,18.25
833,74,1931,606,192.7419865844905,673.2576173857083,1986,1936,145.8405732531373,137.23051409618574,46.90141333135318,536.0271032895225,RSPO,TopFLASH,Position 9_RSPO_TOPFLASH_max_background_corrected.csv,9,IWR,18.5
834,75,1888,619,191.337219375758,687.3639513873419,1986,1936,146.49629959654465,137.60367317640652,44.84091977921338,549.7602782109354,RSPO,TopFLASH,Position 9_RSPO_TOPFLASH_max_background_corrected.csv,9,IWR,18.75
835,76,1866,619,188.56533254127373,705.674438751516,1986,1936,146.70364594935768,137.76537709462636,41.861686591916055,567.9090616568897,RSPO,TopFLASH,Position 9_RSPO_TOPFLASH_max_background_corrected.csv,9,IWR,19.0
